Name,Chromosome,Position
182171b1248000000000,1,214775
182171b1248000000003,1,300528
182171b1248000000008,1,356556
182171b1248000000004,1,536093
182171b1248000000009,1,569595
182171b1248000000018,1,611602
182171b1248000000021,1,620967
182171b1248000000028,1,659952
182171b124800000002a,1,659954
182171b124800000002b,1,659958
182171b124800000002d,1,659974
182171b124800000002f,1,660070
182171b1248000000033,1,841758
182171b1248000000034,1,841764
182171b1248000000036,1,841773
182171b1248000000039,1,845461
182171b124800000002e,1,930007
182171b1248000000035,1,930046
182171b1248000000038,1,961577
182171b124800000003a,1,1004926
182171b124800000003d,1,1006124
182171b124800000003e,1,1009942
182171b124800000003f,1,1011010
182171b1248000000040,1,1011036
182171b1248000000042,1,1011904
182171b1248000000043,1,1026022
182171b1248000000045,1,1062835
182171b1248000000047,1,1083148
182171b1248000000048,1,1083159
182171b1248000000049,1,1083377
182171b124800000004a,1,1125022
182171b1248000000056,1,1358883
182171b124800000005b,1,1363857
182171b124800000005c,1,1422180
182171b1248000000063,1,1446625
182171b1248000000054,1,1565586
182171b1248000000058,1,1632085
182171b124800000005a,1,1687371
182171b124800000005d,1,1687381
182171b124800000005f,1,1724593
182171b1248000000060,1,1783189
182171b1248000000061,1,1813268
182171b1248000000067,1,1840033
182171b1248000000068,1,1840223
182171b124800000006a,1,1897896
182171b124800000006b,1,1997066
182171b124800000006d,1,2038030
182171b124800000006f,1,2068925
182171b1248000000070,1,2068952
182171b1248000000071,1,2068954
182171b1248000000072,1,2098611
182171b1248000000073,1,2119821
182171b1248000000075,1,2122827
182171b1248000000079,1,2122847
182171b1248000000082,1,2130342
182171b1248000000084,1,2217870
182171b1248000000086,1,2220473
182171b1248000000087,1,2238318
182171b1248000000077,1,2238370
182171b1248000000078,1,2238405
182171b124800000007a,1,2280592
182171b124800000007c,1,2294636
182171b124800000007e,1,2313074
182171b124800000007f,1,2332382
182171b1248000000089,1,2402258
182171b124800000008b,1,2402293
182171b124800000008c,1,2404794
182171b124800000008d,1,2456582
182171b1248000000093,1,2575625
182171b1248000000095,1,2575743
182171b1248000000096,1,2585753
182171b1248000000097,1,2617275
182171b124800000009b,1,2684973
182171b124800000009d,1,2685078
182171b124800000009e,1,2710241
182171b12480000000a0,1,2710977
182171b12480000000a4,1,2750730
182171b12480000000a2,1,2774210
182171b12480000000a5,1,2774258
182171b12480000000a6,1,2780519
182171b12480000000aa,1,2812341
182171b12480000000ac,1,2813115
182171b12480000000ad,1,2813134
182171b12480000000ae,1,2813217
182171b12480000000af,1,2813226
182171b12480000000b0,1,2834094
182171b12480000000b1,1,2834112
182171b12480000000b2,1,2834156
182171b12480000000b3,1,2835976
182171b12480000000b4,1,2842018
182171b12480000000b5,1,2842029
182171b12480000000b6,1,2842064
182171b12480000000b7,1,2845846
182171b12480000000b8,1,2845898
182171b12480000000b9,1,2886294
182171b12480000000ba,1,2892242
182171b12480000000bd,1,2932531
182171b12480000000bf,1,2973516
182171b12480000000c0,1,3058168
182171b12480000000c4,1,3058178
182171b12480000000c7,1,3094320
182171b12480000000d2,1,3229006
182171b12480000000d3,1,3229019
182171b12480000000bc,1,3318512
182171b12480000000be,1,3318516
182171b12480000000c1,1,3345536
182171b12480000000c2,1,3345563
182171b12480000000c3,1,3459171
182171b12480000000c5,1,3471521
182171b12480000000c9,1,3517821
182171b12480000000cb,1,3630282
182171b12480000000ce,1,3630360
182171b12480000000cf,1,3630381
182171b12480000000d0,1,3653094
182171b12480000000d4,1,3677958
182171b12480000000d5,1,3696840
182171b12480000000d6,1,3789662
182171b12480000000d7,1,3799596
182171b12480000000d8,1,3822210
182171b12480000000d9,1,3822255
182171b12480000000dc,1,3822335
182171b12480000000dd,1,3824092
182171b12480000000e3,1,3843070
182171b12480000000eb,1,3886912
182171b12480000000e4,1,3956269
182171b12480000000f3,1,4102247
182171b12480000000f7,1,4227731
182171b12480000000f8,1,4227765
182171b12480000000f9,1,4314449
182171b12480000000fa,1,4380607
182171b12480000000fc,1,4408825
182171b12480000000fd,1,4408834
182171b1248000000111,1,4541805
182171b1248000000112,1,4562995
182171b124800000011a,1,4566243
182171b124800000011c,1,4623253
182171b124800000011d,1,4651741
182171b124800000011e,1,4724205
182171b124800000011f,1,4752332
182171b1248000000103,1,4796732
182171b1248000000105,1,4818632
182171b1248000000106,1,4829729
182171b1248000000107,1,4829733
182171b124800000010a,1,4988803
182171b124800000010d,1,4989144
182171b124800000010f,1,5004884
182171b1248000000114,1,5009300
182171b1248000000115,1,5009344
182171b1248000000118,1,5009364
182171b1248000000120,1,5023138
182171b1248000000123,1,5027872
182171b1248000000124,1,5027903
182171b124800000012a,1,5053963
182171b124800000012f,1,5087893
182171b1248000000131,1,5124649
182171b1248000000132,1,5131438
182171b1248000000133,1,5166982
182171b124800000013a,1,5171228
182171b1248000000127,1,5209957
182171b1248000000128,1,5212530
182171b1248000000129,1,5226813
182171b124800000012d,1,5269314
182171b1248000000135,1,5289220
182171b1248000000136,1,5343580
182171b124800000013b,1,5343725
182171b124800000013c,1,5351692
182171b124800000013e,1,5368186
182171b124800000013f,1,5435432
182171b1248000000142,1,5489645
182171b1248000000143,1,5501685
182171b124800000014e,1,5692872
182171b1248000000153,1,5765647
182171b1248000000156,1,5765655
182171b1248000000157,1,5765689
182171b124800000015a,1,5765698
182171b124800000015b,1,5765728
182171b124800000015c,1,5811704
182171b1248000000161,1,5811741
182171b124800000014d,1,5837668
182171b124800000014f,1,5857948
182171b1248000000150,1,5877974
182171b1248000000154,1,5882801
182171b1248000000155,1,5972826
182171b124800000015e,1,6019599
182171b1248000000160,1,6085421
182171b1248000000162,1,6101882
182171b1248000000164,1,6157539
182171b1248000000165,1,6157571
182171b1248000000166,1,6201759
182171b1248000000169,1,6213187
182171b124800000016a,1,6226968
182171b124800000016f,1,6304465
182171b1248000000172,1,6338098
182171b1248000000175,1,6338117
182171b124800000017b,1,6366661
182171b1248000000170,1,6560358
182171b1248000000177,1,6574768
182171b124800000017a,1,6578214
182171b1248000000187,1,6712250
182171b1248000000188,1,6733474
182171b124800000018c,1,6870165
182171b124800000018d,1,6900012
182171b124800000018e,1,6900020
182171b124800000018f,1,6902826
182171b1248000000190,1,6983758
182171b1248000000198,1,7059393
182171b124800000019a,1,7119125
182171b124800000019e,1,7119129
182171b124800000019f,1,7125648
182171b12480000001a0,1,7125661
182171b12480000001a3,1,7125707
182171b12480000001a6,1,7125742
182171b12480000001a7,1,7125781
182171b1248000000193,1,7125782
182171b1248000000194,1,7126913
182171b1248000000195,1,7126925
182171b1248000000199,1,7126972
182171b124800000019b,1,7126980
182171b124800000019c,1,7127087
182171b124800000019d,1,7150328
182171b12480000001a5,1,7258523
182171b12480000001b0,1,7447351
182171b12480000001b8,1,7549167
182171b12480000001c7,1,7723801
182171b12480000001cb,1,7814417
182171b12480000001b6,1,8151312
182171b12480000001ba,1,8176889
182171b12480000001bb,1,8206795
182171b12480000001cf,1,8289705
182171b12480000001d3,1,8369277
182171b12480000001d5,1,8401393
182171b12480000001de,1,8555575
182171b12480000001ef,1,8687674
182171b12480000001f2,1,8710116
182171b12480000001dd,1,8962975
182171b12480000001e0,1,8962989
182171b12480000001e1,1,8963110
182171b12480000001e2,1,9049548
182171b12480000001e5,1,9056842
182171b12480000001e8,1,9084126
182171b12480000001ed,1,9260433
182171b12480000001f6,1,9449092
182171b12480000001fa,1,9671547
182171b12480000001fb,1,9806362
182171b12480000001fd,1,9808580
182171b1248000000214,1,10152065
182171b1248000000205,1,10305643
182171b1248000000209,1,10330064
182171b1248000000218,1,10817807
182171b124800000022a,1,11158356
182171b124800000022f,1,11226641
182171b1248000000238,1,11438627
182171b1248000000236,1,11777177
182171b1248000000241,1,11983977
182171b1248000000243,1,12078281
182171b124800000024a,1,12269364
182171b124800000024e,1,12269404
182171b124800000025a,1,12560035
182171b124800000024d,1,12564310
182171b1248000000260,1,12742915
182171b1248000000261,1,12742974
182171b124800000026f,1,13294012
182171b1248000000274,1,13294049
182171b1248000000271,1,13549584
182171b124800000027d,1,13583378
182171b1248000000285,1,13583433
182171b1248000000288,1,13583580
182171b124800000028c,1,13921782
182171b1248000000290,1,13921989
182171b124800000029f,1,14063826
182171b12480000002ab,1,14116802
182171b124800000028a,1,14149478
182171b1248000000295,1,14231399
182171b12480000002a9,1,14290000
182171b12480000002be,1,14533519
182171b12480000002c9,1,14819935
182171b12480000002cd,1,14885619
182171b12480000002d2,1,15256459
182171b12480000002dd,1,15582610
182171b12480000002de,1,15582650
182171b12480000002ea,1,16590656
182171b12480000002f4,1,17105891
182171b12480000002fb,1,17349618
182171b12480000002ff,1,17394761
182171b1248000000302,1,17447259
182171b1248000000309,1,17511147
182171b12480000002fc,1,17767914
182171b124800000030b,1,18042404
182171b124800000031d,1,18539904
182171b124800000031e,1,18540006
182171b124800000031f,1,18663901
182171b124800000032c,1,18940283
182171b1248000000330,1,18979286
182171b1248000000326,1,18979463
182171b1248000000332,1,19058741
182171b1248000000335,1,19080441
182171b124800000033d,1,19190655
182171b1248000000345,1,20244890
182171b1248000000347,1,20260721
182171b124800000034e,1,20304894
182171b1248000000352,1,20307485
182171b124800000034f,1,20502542
182171b124800000035c,1,21115794
182171b1248000000362,1,21357389
182171b1248000000363,1,21358671
182171b1248000000364,1,21415503
182171b124800000036b,1,21692410
182171b124800000036c,1,21692496
182171b124800000037b,1,21793154
182171b1248000000374,1,21889479
182171b1248000000389,1,22303924
182171b124800000038a,1,22303947
182171b1248000000393,1,22420249
182171b1248000000394,1,22434052
182171b1248000000398,1,22452811
182171b1248000000392,1,22465668
182171b12480000003aa,1,22591601
182171b12480000003b2,1,22760788
182171b12480000003bb,1,22975036
182171b12480000003bf,1,22975078
182171b12480000003c0,1,23006900
182171b12480000003c6,1,23248149
182171b12480000003c8,1,23297668
182171b12480000003ca,1,23353456
182171b12480000003e3,1,23704392
182171b12480000003e5,1,23731885
182171b12480000003e9,1,23762143
182171b12480000003d5,1,23783018
182171b12480000003d7,1,23836611
182171b12480000003db,1,23850020
182171b12480000003dd,1,23850038
182171b12480000003e2,1,23939765
182171b12480000003e7,1,23971328
182171b12480000003e8,1,23971359
182171b12480000003ed,1,24093770
182171b12480000003f4,1,24336933
182171b12480000003f9,1,24462566
182171b12480000003ff,1,24617946
182171b124800000040c,1,24656970
182171b1248000000412,1,24656972
182171b1248000000413,1,24656988
182171b12480000003fc,1,24669568
182171b124800000040b,1,24818955
182171b124800000040d,1,24820865
182171b1248000000414,1,24851548
182171b124800000041a,1,24919167
182171b124800000041b,1,24926857
182171b124800000041d,1,24934118
182171b1248000000422,1,25091984
182171b1248000000424,1,25239454
182171b124800000042b,1,25298123
182171b124800000042c,1,25332353
182171b124800000042f,1,25362796
182171b1248000000436,1,25592971
182171b1248000000439,1,25934952
182171b124800000043c,1,26052527
182171b124800000043d,1,26057499
182171b124800000043f,1,26481730
182171b1248000000440,1,26511593
182171b1248000000442,1,27029202
182171b1248000000444,1,27055040
182171b1248000000446,1,27065182
182171b1248000000455,1,27192664
182171b1248000000458,1,27285068
182171b124800000045a,1,27285084
182171b124800000045b,1,27320357
182171b1248000000464,1,27596184
182171b1248000000474,1,27848519
182171b1248000000478,1,28100175
182171b1248000000466,1,28145665
182171b1248000000467,1,28163355
182171b124800000046a,1,28167914
182171b124800000046c,1,28185610
182171b124800000046d,1,28232781
182171b124800000046e,1,28232841
182171b1248000000471,1,28232863
182171b1248000000473,1,28265521
182171b1248000000479,1,28326846
182171b124800000047a,1,28350843
182171b124800000047d,1,28429542
182171b124800000047f,1,28429564
182171b1248000000482,1,28514846
182171b1248000000483,1,28567659
182171b124800000048e,1,28708081
182171b1248000000490,1,28709267
182171b1248000000489,1,28810114
182171b1248000000491,1,28915484
182171b1248000000499,1,29062660
182171b124800000049b,1,29062702
182171b12480000004a4,1,29284246
182171b12480000004a8,1,29426085
182171b12480000004a9,1,29437375
182171b12480000004aa,1,29445837
182171b12480000004ac,1,29459338
182171b12480000004ae,1,29512226
182171b12480000004b6,1,29556686
182171b12480000004b9,1,29736020
182171b12480000004c7,1,29825301
182171b12480000004c8,1,29825302
182171b12480000004c9,1,29825309
182171b12480000004d9,1,29934897
182171b12480000004dd,1,29935756
182171b12480000004e1,1,29976945
182171b12480000004e5,1,29981132
182171b12480000004d2,1,29981239
182171b12480000004e7,1,30057796
182171b12480000004ea,1,30095271
182171b12480000004f5,1,30249053
182171b1248000000516,1,31053225
182171b124800000051b,1,31559895
182171b124800000051f,1,31569296
182171b1248000000520,1,31571987
182171b1248000000525,1,31656626
182171b1248000000527,1,31786917
182171b124800000052a,1,31836814
182171b124800000052c,1,31876051
182171b124800000052e,1,31907055
182171b124800000052f,1,32074730
182171b1248000000537,1,32311680
182171b1248000000539,1,32331774
182171b124800000053a,1,32360725
182171b1248000000540,1,32445400
182171b1248000000543,1,32534255
182171b1248000000544,1,32610324
182171b1248000000548,1,32640583
182171b124800000054d,1,33055101
182171b124800000054e,1,33055446
182171b1248000000551,1,33101161
182171b1248000000554,1,33279739
182171b1248000000555,1,33279789
182171b1248000000558,1,33284722
182171b1248000000559,1,33284796
182171b124800000055a,1,33293766
182171b124800000055b,1,33327786
182171b124800000055d,1,33330868
182171b124800000055e,1,33336223
182171b1248000000562,1,33487634
182171b1248000000566,1,33487736
182171b124800000056a,1,33676476
182171b1248000000563,1,34039773
182171b1248000000572,1,34187482
182171b124800000057d,1,34303317
182171b124800000057e,1,34307022
182171b124800000057f,1,34312084
182171b1248000000580,1,34403133
182171b1248000000585,1,34422822
182171b1248000000589,1,34498355
182171b124800000058f,1,34549795
182171b1248000000590,1,34550337
182171b124800000059c,1,34641077
182171b124800000059d,1,34672970
182171b12480000005a0,1,34737300
182171b12480000005a2,1,34745060
182171b12480000005ad,1,34814284
182171b12480000005b1,1,34815209
182171b12480000005b3,1,34815236
182171b12480000005bc,1,35007213
182171b12480000005a5,1,35007221
182171b12480000005aa,1,35086602
182171b12480000005ab,1,35090289
182171b12480000005af,1,35094169
182171b12480000005b7,1,35333134
182171b12480000005b9,1,35347279
182171b12480000005bb,1,35347341
182171b12480000005bd,1,35347362
182171b12480000005be,1,35347363
182171b12480000005c0,1,35415749
182171b12480000005c1,1,35435252
182171b12480000005c2,1,35601392
182171b12480000005c4,1,35638984
182171b12480000005c5,1,35742358
182171b12480000005c6,1,35782159
182171b12480000005c7,1,35786037
182171b12480000005c8,1,35803606
182171b12480000005c9,1,35803683
182171b12480000005ca,1,35880836
182171b12480000005cb,1,35883823
182171b12480000005cc,1,35998586
182171b12480000005ce,1,35998648
182171b12480000005cf,1,36029172
182171b12480000005d0,1,36132176
182171b12480000005d3,1,36132263
182171b12480000005d4,1,36143155
182171b12480000005d8,1,36200897
182171b12480000005db,1,36200902
182171b12480000005dc,1,36200905
182171b12480000005dd,1,36205110
182171b12480000005cd,1,36223062
182171b12480000005d1,1,36249898
182171b12480000005d2,1,36267187
182171b12480000005d5,1,36286222
182171b12480000005d7,1,36412414
182171b12480000005d9,1,36496101
182171b12480000005da,1,36654921
182171b12480000005de,1,36654923
182171b12480000005df,1,36690741
182171b12480000005e0,1,36720829
182171b12480000005e1,1,36720834
182171b12480000005e2,1,36938148
182171b12480000005e3,1,36938157
182171b12480000005e5,1,37048083
182171b12480000005e6,1,37103313
182171b12480000005e7,1,37149619
182171b12480000005e8,1,37159042
182171b12480000005e9,1,37159051
182171b12480000005ea,1,37177949
182171b12480000005eb,1,37233716
182171b12480000005ec,1,37306248
182171b12480000005ed,1,37453328
182171b12480000005ee,1,37459915
182171b12480000005f2,1,37533184
182171b12480000005f5,1,37546221
182171b12480000005f6,1,37607861
182171b12480000005f7,1,37607881
182171b12480000005fb,1,37771361
182171b12480000005fe,1,37781949
182171b12480000005ff,1,37781957
182171b1248000000600,1,37787084
182171b1248000000601,1,37818766
182171b12480000005ef,1,37844157
182171b12480000005f0,1,37925041
182171b12480000005f1,1,37925056
182171b12480000005f3,1,37925057
182171b12480000005f4,1,37925062
182171b12480000005fa,1,37925078
182171b12480000005fc,1,37925090
182171b12480000005fd,1,37942641
182171b1248000000602,1,37957899
182171b1248000000604,1,38024481
182171b1248000000605,1,38027625
182171b1248000000606,1,38039206
182171b1248000000607,1,38067465
182171b1248000000608,1,38079408
182171b1248000000609,1,38187128
182171b124800000060b,1,38250215
182171b124800000060c,1,38275669
182171b124800000060d,1,38333394
182171b124800000060e,1,38391101
182171b124800000060f,1,38434703
182171b1248000000610,1,38497531
182171b1248000000612,1,38700196
182171b1248000000614,1,38704913
182171b1248000000615,1,38710516
182171b1248000000616,1,38710523
182171b1248000000618,1,38710526
182171b124800000061b,1,38808462
182171b124800000061c,1,38904901
182171b1248000000620,1,38904917
182171b1248000000613,1,38997055
182171b1248000000624,1,39102892
182171b1248000000625,1,39176048
182171b1248000000626,1,39245265
182171b124800000062d,1,39416338
182171b124800000062f,1,39470914
182171b1248000000631,1,39524711
182171b1248000000633,1,39687703
182171b1248000000634,1,39687706
182171b1248000000636,1,39791841
182171b1248000000638,1,39836755
182171b124800000063a,1,39862304
182171b124800000063e,1,39862382
182171b124800000063f,1,39914050
182171b1248000000640,1,39914061
182171b1248000000647,1,39914173
182171b1248000000648,1,39991003
182171b1248000000649,1,40019475
182171b1248000000637,1,40096228
182171b124800000063b,1,40264587
182171b124800000063c,1,40264617
182171b124800000063d,1,40275218
182171b1248000000642,1,40279140
182171b1248000000643,1,40383322
182171b1248000000644,1,40383348
182171b1248000000645,1,40404127
182171b1248000000646,1,40412373
182171b124800000064a,1,40412384
182171b124800000064b,1,40412890
182171b124800000064c,1,40443092
182171b124800000064e,1,40466784
182171b1248000000651,1,40670043
182171b1248000000652,1,40671084
182171b1248000000653,1,40715751
182171b1248000000654,1,40715761
182171b1248000000655,1,40720686
182171b1248000000656,1,40720697
182171b1248000000657,1,40732630
182171b124800000065e,1,40763386
182171b1248000000660,1,40777096
182171b1248000000667,1,40779775
182171b1248000000669,1,40817991
182171b124800000066d,1,40925252
182171b1248000000670,1,40928955
182171b1248000000672,1,40929959
182171b1248000000673,1,40942127
182171b1248000000675,1,40960462
182171b124800000065b,1,41042084
182171b124800000065c,1,41067201
182171b124800000065f,1,41090716
182171b1248000000664,1,41177801
182171b1248000000665,1,41203556
182171b1248000000666,1,41203623
182171b1248000000668,1,41207247
182171b124800000066a,1,41212533
182171b124800000066c,1,41230880
182171b124800000066e,1,41232475
182171b124800000066f,1,41244146
182171b1248000000671,1,41244197
182171b1248000000678,1,41278382
182171b1248000000679,1,41310422
182171b124800000067a,1,41311658
182171b124800000067b,1,41340158
182171b124800000067e,1,41349862
182171b124800000067f,1,41400271
182171b1248000000681,1,41693437
182171b1248000000683,1,41693450
182171b1248000000684,1,41708241
182171b1248000000688,1,41708277
182171b1248000000689,1,41710085
182171b124800000068b,1,41742940
182171b124800000068d,1,41743447
182171b1248000000690,1,41839769
182171b1248000000692,1,41851252
182171b1248000000694,1,41851264
182171b124800000067c,1,41855669
182171b124800000067d,1,41893467
182171b1248000000685,1,41922907
182171b1248000000686,1,41924282
182171b1248000000687,1,41941998
182171b124800000068c,1,41942008
182171b124800000068f,1,41945562
182171b1248000000691,1,41945613
182171b1248000000695,1,41958053
182171b1248000000696,1,41961281
182171b1248000000697,1,41965592
182171b1248000000698,1,41965616
182171b1248000000699,1,41968936
182171b124800000069a,1,41968948
182171b124800000069b,1,41971622
182171b124800000069c,1,42001271
182171b124800000069d,1,42001284
182171b124800000069e,1,42001292
182171b12480000006a1,1,42039871
182171b12480000006a4,1,42047109
182171b12480000006a5,1,42063080
182171b12480000006a6,1,42063083
182171b12480000006ad,1,42063088
182171b12480000006ae,1,42063090
182171b12480000006af,1,42063110
182171b12480000006b0,1,42063121
182171b12480000006b1,1,42063134
182171b12480000006b7,1,42070359
182171b12480000006b8,1,42081281
182171b12480000006b9,1,42081316
182171b12480000006a3,1,42081402
182171b12480000006a7,1,42081405
182171b12480000006a8,1,42081413
182171b12480000006a9,1,42081416
182171b12480000006aa,1,42088140
182171b12480000006ab,1,42106144
182171b12480000006b2,1,42138389
182171b12480000006b3,1,42170950
182171b12480000006b4,1,42231343
182171b12480000006b5,1,42242102
182171b12480000006ba,1,42332562
182171b12480000006bb,1,42339964
182171b12480000006bc,1,42352009
182171b12480000006c0,1,42367518
182171b12480000006c3,1,42460577
182171b12480000006c4,1,42460582
182171b12480000006c5,1,42460597
182171b12480000006c7,1,42474971
182171b12480000006ca,1,42553444
182171b12480000006cc,1,42601167
182171b12480000006cd,1,42620115
182171b12480000006ce,1,42620144
182171b12480000006cf,1,42620828
182171b12480000006d0,1,42620829
182171b12480000006d5,1,42620834
182171b12480000006d6,1,42620836
182171b12480000006d8,1,42620852
182171b12480000006c6,1,42620889
182171b12480000006c8,1,42620916
182171b12480000006c9,1,42620964
182171b12480000006d1,1,42631705
182171b12480000006d4,1,42826857
182171b12480000006d9,1,42829311
182171b12480000006dd,1,42951223
182171b12480000006de,1,42951234
182171b12480000006df,1,42951249
182171b12480000006e1,1,42974368
182171b12480000006e2,1,42978750
182171b12480000006e3,1,43014033
182171b12480000006e6,1,43065536
182171b12480000006e8,1,43072051
182171b12480000006e9,1,43100601
182171b12480000006ea,1,43144988
182171b12480000006f0,1,43158981
182171b12480000006f4,1,43179242
182171b12480000006f5,1,43194024
182171b1248000002b49,10,94178
182171b1248000002b4c,10,302236
182171b1248000002b4d,10,341260
182171b1248000002b4e,10,344658
182171b1248000002b50,10,381378
182171b1248000002b52,10,404202
182171b1248000002b57,10,491087
182171b1248000002b58,10,491095
182171b1248000002b5a,10,491116
182171b1248000002b63,10,798028
182171b1248000002b69,10,798029
182171b1248000002b5b,10,798046
182171b1248000002b5e,10,798058
182171b1248000002b60,10,809801
182171b1248000002b64,10,839394
182171b1248000002b6c,10,1028550
182171b1248000002b7b,10,1535972
182171b1248000002b85,10,1644676
182171b1248000002b89,10,1649490
182171b1248000002b8a,10,1674584
182171b1248000002b7d,10,1904729
182171b1248000002b8b,10,2022501
182171b1248000002b8e,10,2074272
182171b1248000002b92,10,2074810
182171b1248000002b9b,10,2130115
182171b1248000002b9d,10,2151409
182171b1248000002b9e,10,2151423
182171b1248000002ba8,10,2254271
182171b1248000002bac,10,2254335
182171b1248000002bb4,10,2387661
182171b1248000002bb6,10,2395974
182171b1248000002bb7,10,2395975
182171b1248000002bb8,10,2396019
182171b1248000002bba,10,2411050
182171b1248000002bbd,10,2411098
182171b1248000002bc0,10,2505294
182171b1248000002bc9,10,2528804
182171b1248000002bcb,10,2801450
182171b1248000002bce,10,2929915
182171b1248000002bd0,10,2929930
182171b1248000002bc6,10,3087362
182171b1248000002bdd,10,3525694
182171b1248000002be1,10,3614054
182171b1248000002be3,10,3614103
182171b1248000002bf5,10,3793565
182171b1248000002bf9,10,3996466
182171b1248000002bfe,10,3996495
182171b1248000002be5,10,4024306
182171b1248000002bea,10,4046787
182171b1248000002bf1,10,4417108
182171b1248000002bf2,10,4588483
182171b1248000002bfa,10,4634819
182171b1248000002c00,10,4699190
182171b1248000002c02,10,4752266
182171b1248000002c07,10,5254036
182171b1248000002c1d,10,5464218
182171b1248000002c1a,10,5579838
182171b1248000002c1e,10,5755916
182171b1248000002c23,10,5929905
182171b1248000002c28,10,6301107
182171b1248000002c2b,10,6448399
182171b1248000002c33,10,6541755
182171b1248000002c34,10,6541800
182171b1248000002c37,10,6874188
182171b1248000002c39,10,6877400
182171b1248000002c3e,10,7241170
182171b1248000002c47,10,7385842
182171b1248000002c4b,10,7413723
182171b1248000002c3a,10,7760263
182171b1248000002c3c,10,7762246
182171b1248000002c3d,10,7992029
182171b1248000002c3f,10,7992071
182171b1248000002c40,10,8428825
182171b1248000002c43,10,8697474
182171b1248000002c46,10,8893669
182171b1248000002c4c,10,9065282
182171b1248000002c4d,10,9065295
182171b1248000002c53,10,9259556
182171b1248000002c64,10,9627559
182171b1248000002c66,10,9627587
182171b1248000002c67,10,9627602
182171b1248000002c69,10,9627906
182171b1248000002c5b,10,9905547
182171b1248000002c61,10,9957559
182171b1248000002c62,10,9969481
182171b1248000002c65,10,10018443
182171b1248000002c73,10,10645495
182171b1248000002c74,10,10652886
182171b1248000002c75,10,10702240
182171b1248000002c77,10,10749495
182171b1248000002c7d,10,11077685
182171b1248000002c86,10,11626385
182171b1248000002c7c,10,11736428
182171b1248000002c7e,10,11780340
182171b1248000002c82,10,11827019
182171b1248000002c85,10,11881424
182171b1248000002c87,10,11917700
182171b1248000002c89,10,11923192
182171b1248000002c8a,10,11923279
182171b1248000002c8b,10,11923296
182171b1248000002c8d,10,11936508
182171b1248000002c8e,10,11936566
182171b1248000002c8f,10,11939819
182171b1248000002c90,10,11948883
182171b1248000002c91,10,11988271
182171b1248000002c92,10,11998161
182171b1248000002c96,10,12020185
182171b1248000002c97,10,12020190
182171b1248000002c98,10,12072351
182171b1248000002c99,10,12072377
182171b1248000002c9d,10,12331493
182171b1248000002ca3,10,12764791
182171b1248000002ca4,10,12779119
182171b1248000002ca6,10,12931913
182171b1248000002ca9,10,12982241
182171b1248000002cac,10,13238715
182171b1248000002cad,10,13369642
182171b1248000002cae,10,13596005
182171b1248000002caf,10,13601566
182171b1248000002cb1,10,13633742
182171b1248000002cb2,10,13665153
182171b1248000002cb3,10,13700509
182171b1248000002cb4,10,13712502
182171b1248000002cb5,10,13740028
182171b1248000002cb6,10,13780867
182171b1248000002cb8,10,13861640
182171b1248000002cc4,10,14066509
182171b1248000002cca,10,14277015
182171b1248000002cc5,10,14502810
182171b1248000002ccb,10,14653545
182171b1248000002cce,10,14734264
182171b1248000002cd7,10,14766993
182171b1248000002cde,10,14782062
182171b1248000002cf8,10,15200905
182171b1248000002ced,10,15529924
182171b1248000002cef,10,15550800
182171b1248000002cf6,10,15693180
182171b1248000002cfa,10,15740604
182171b1248000002d06,10,15966406
182171b1248000002d07,10,15966470
182171b1248000002d0c,10,16034095
182171b1248000002d10,10,16202211
182171b1248000002d16,10,16457852
182171b1248000002d1d,10,16528207
182171b1248000002d1f,10,16595845
182171b1248000002d2c,10,16803962
182171b1248000002d19,10,16866327
182171b1248000002d1c,10,17077378
182171b1248000002d22,10,17134221
182171b1248000002d23,10,17170512
182171b1248000002d28,10,17170571
182171b1248000002d29,10,17186005
182171b1248000002d2e,10,17191189
182171b1248000002d31,10,17231187
182171b1248000002d37,10,17449609
182171b1248000002d38,10,17449681
182171b1248000002d44,10,17553800
182171b1248000002d46,10,17553805
182171b1248000002d4f,10,17652696
182171b1248000002d3c,10,17868822
182171b1248000002d3e,10,18061667
182171b1248000002d3f,10,18061676
182171b1248000002d40,10,18064070
182171b1248000002d47,10,18064968
182171b1248000002d4a,10,18077294
182171b1248000002d4d,10,18082021
182171b1248000002d51,10,18088701
182171b1248000002d54,10,18102293
182171b1248000002d55,10,18170022
182171b1248000002d56,10,18170072
182171b1248000002d58,10,18260433
182171b1248000002d5c,10,18318071
182171b1248000002d5d,10,18331018
182171b1248000002d5e,10,18387680
182171b1248000002d61,10,18431922
182171b1248000002d66,10,18431960
182171b1248000002d67,10,18431968
182171b1248000002d69,10,18549202
182171b1248000002d6f,10,18659347
182171b1248000002d70,10,18659366
182171b1248000002d75,10,18665548
182171b1248000002d79,10,18705208
182171b1248000002d62,10,18860416
182171b1248000002d64,10,18863838
182171b1248000002d65,10,18879115
182171b1248000002d6a,10,18994162
182171b1248000002d6d,10,18994239
182171b1248000002d72,10,19095096
182171b1248000002d74,10,19120859
182171b1248000002d76,10,19168274
182171b1248000002d77,10,19216036
182171b1248000002d7a,10,19239675
182171b1248000002d7b,10,19257807
182171b1248000002d7c,10,19266544
182171b1248000002d7d,10,19283494
182171b1248000002d7e,10,19341557
182171b1248000002d7f,10,19390469
182171b1248000002d81,10,19399339
182171b1248000002d82,10,19399362
182171b1248000002d83,10,19434008
182171b1248000002d88,10,19434051
182171b1248000002d8a,10,19457384
182171b1248000002d8d,10,19472494
182171b1248000002d94,10,19685593
182171b1248000002d95,10,19685638
182171b1248000002d96,10,19705602
182171b1248000002d99,10,19713299
182171b1248000002d9a,10,19759433
182171b1248000002d84,10,19759447
182171b1248000002d87,10,19894765
182171b1248000002d92,10,19942792
182171b1248000002da3,10,20301121
182171b1248000002da5,10,20539459
182171b1248000002da6,10,20603724
182171b1248000002dbe,10,20868023
182171b1248000002da8,10,20890251
182171b1248000002db6,10,21079826
182171b1248000002db8,10,21113685
182171b1248000002db9,10,21129519
182171b1248000002dbb,10,21132514
182171b1248000002dbf,10,21134174
182171b1248000002dc3,10,21134209
182171b1248000002dc5,10,21154211
182171b1248000002dce,10,21244845
182171b1248000002dda,10,21409769
182171b1248000002def,10,21770013
182171b1248000002df8,10,21828736
182171b1248000002dfe,10,21996863
182171b1248000002e01,10,22029247
182171b1248000002e07,10,22322241
182171b1248000002e0b,10,22426309
182171b1248000002e0f,10,22454297
182171b1248000002e18,10,22545786
182171b1248000002e27,10,22743944
182171b1248000002e1c,10,22769032
182171b1248000002e26,10,22964557
182171b1248000002e2a,10,23052920
182171b1248000002e37,11,418465
182171b1248000002e3b,11,795799
182171b1248000002e41,11,795825
182171b1248000002e47,11,832194
182171b1248000002e49,11,848092
182171b1248000002e4a,11,911987
182171b1248000002e38,11,933177
182171b1248000002e3c,11,956372
182171b1248000002e46,11,1091125
182171b1248000002e48,11,1140114
182171b1248000002e4b,11,1143222
182171b1248000002e4c,11,1143240
182171b1248000002e4d,11,1164042
182171b1248000002e4e,11,1166376
182171b1248000002e4f,11,1166387
182171b1248000002e50,11,1177857
182171b1248000002e51,11,1205222
182171b1248000002e53,11,1269899
182171b1248000002e54,11,1360661
182171b1248000002e55,11,1360704
182171b1248000002e56,11,1444473
182171b1248000002e57,11,1524950
182171b1248000002e58,11,1611162
182171b1248000002e59,11,1633747
182171b1248000002e5a,11,1735255
182171b1248000002e5b,11,1737624
182171b1248000002e5d,11,1747151
182171b1248000002e5e,11,1785886
182171b1248000002e5f,11,1785929
182171b1248000002e70,11,1786032
182171b1248000002e72,11,1803279
182171b1248000002e75,11,1803314
182171b1248000002e76,11,1868332
182171b1248000002e77,11,1895875
182171b1248000002e78,11,1920593
182171b1248000002e79,11,1933690
182171b1248000002e60,11,2009239
182171b1248000002e63,11,2146353
182171b1248000002e64,11,2212360
182171b1248000002e66,11,2212391
182171b1248000002e68,11,2215232
182171b1248000002e69,11,2215239
182171b1248000002e6a,11,2215280
182171b1248000002e6b,11,2215286
182171b1248000002e6c,11,2238227
182171b1248000002e6f,11,2267651
182171b1248000002e74,11,2358341
182171b1248000002e7a,11,2371960
182171b1248000002e7b,11,2384938
182171b1248000002e7c,11,2397249
182171b1248000002e7d,11,2397354
182171b1248000002e7e,11,2414159
182171b1248000002e88,11,2440101
182171b1248000002e98,11,2444925
182171b1248000002e7f,11,2517076
182171b1248000002e82,11,2567318
182171b1248000002e90,11,2663354
182171b1248000002e93,11,2671697
182171b1248000002e97,11,2671715
182171b1248000002e9a,11,2671730
182171b1248000002e9d,11,2671765
182171b1248000002e9f,11,2674631
182171b1248000002ea9,11,2803020
182171b1248000002eac,11,3161548
182171b1248000002ead,11,3232229
182171b1248000002eae,11,3278489
182171b1248000002eb1,11,3364053
182171b1248000002eb4,11,3380738
182171b1248000002ebb,11,3396532
182171b1248000002ebf,11,3396542
182171b1248000002ec0,11,3396549
182171b1248000002ec3,11,3396566
182171b1248000002ec5,11,3396570
182171b1248000002ec6,11,3396587
182171b1248000002ec8,11,3396604
182171b1248000002eca,11,3422758
182171b1248000002ecc,11,3478058
182171b1248000002ecd,11,3478061
182171b1248000002eba,11,3572862
182171b1248000002ebc,11,3572874
182171b1248000002ebd,11,3572888
182171b1248000002ec1,11,3589514
182171b1248000002ec2,11,3589516
182171b1248000002ec4,11,3589530
182171b1248000002ec7,11,3589535
182171b1248000002ec9,11,3589540
182171b1248000002ece,11,3638282
182171b1248000002ed1,11,3643661
182171b1248000002ed2,11,3652327
182171b1248000002ed3,11,3652362
182171b1248000002ed6,11,3658635
182171b1248000002ed8,11,3732482
182171b1248000002ed9,11,3732485
182171b1248000002eda,11,3781367
182171b1248000002edc,11,3806212
182171b1248000002edd,11,3903896
182171b1248000002edf,11,3903909
182171b1248000002ee1,11,3903941
182171b1248000002ee3,11,3954745
182171b1248000002ee4,11,3954825
182171b1248000002eea,11,4192008
182171b1248000002eeb,11,4262746
182171b1248000002eec,11,4262763
182171b1248000002eef,11,4328647
182171b1248000002ef3,11,4393019
182171b1248000002ef7,11,4409971
182171b1248000002efd,11,4571329
182171b1248000002efe,11,4607197
182171b1248000002f01,11,4752366
182171b1248000002f0b,11,4823624
182171b1248000002f0c,11,4845060
182171b1248000002f0d,11,4852546
182171b1248000002f13,11,4865219
182171b1248000002f15,11,4871936
182171b1248000002f18,11,4974388
182171b1248000002f1a,11,5069825
182171b1248000002f1f,11,5279733
182171b1248000002f20,11,5386943
182171b1248000002f22,11,5439024
182171b1248000002f23,11,5439083
182171b1248000002f2c,11,5534240
182171b1248000002f33,11,5562526
182171b1248000002f45,11,5851500
182171b1248000002f48,11,5853086
182171b1248000002f4a,11,5857533
182171b1248000002f54,11,5940071
182171b1248000002f4b,11,6136913
182171b1248000002f4d,11,6136919
182171b1248000002f51,11,6205618
182171b1248000002f5a,11,6221799
182171b1248000002f5b,11,6224326
182171b1248000002f5f,11,6339455
182171b1248000002f62,11,6411282
182171b1248000002f63,11,6472020
182171b1248000002f67,11,6533530
182171b1248000002f68,11,6533531
182171b1248000002f6c,11,6603257
182171b1248000002f6d,11,6603274
182171b1248000002f6e,11,6628324
182171b1248000002f70,11,6642893
182171b1248000002f71,11,6642904
182171b1248000002f75,11,6647060
182171b1248000002f77,11,6647155
182171b1248000002f78,11,6647206
182171b1248000002f79,11,6647236
182171b1248000002f7a,11,6647274
182171b1248000002f7c,11,6652601
182171b1248000002f7d,11,6652617
182171b1248000002f7e,11,6652652
182171b1248000002f7f,11,6652674
182171b1248000002f81,11,6652734
182171b1248000002f86,11,6662620
182171b1248000002f89,11,6662640
182171b1248000002f8a,11,6662645
182171b1248000002f8d,11,6674099
182171b1248000002f8e,11,6674125
182171b1248000002f91,11,6674159
182171b1248000002fa1,11,6971001
182171b1248000002f90,11,6971051
182171b1248000002f94,11,6971068
182171b1248000002f96,11,7049948
182171b1248000002f97,11,7083276
182171b1248000002f9b,11,7083290
182171b1248000002fa0,11,7129045
182171b1248000002fa2,11,7129174
182171b1248000002fa4,11,7159817
182171b1248000002fa7,11,7327457
182171b1248000002faf,11,7333819
182171b1248000002fb3,11,7603148
182171b1248000002fc4,11,7826251
182171b1248000002fbb,11,7985757
182171b1248000002fc0,11,8387958
182171b1248000002fc7,11,8420409
182171b1248000002fcf,11,8728635
182171b1248000002fd1,11,8760529
182171b1248000002fd6,11,8761102
182171b1248000002fd8,11,8847453
182171b1248000002fde,11,8976227
182171b1248000002fe1,11,8976277
182171b1248000002fe2,11,8976282
182171b1248000002fe3,11,8976292
182171b1248000002fe6,11,8991171
182171b1248000002fe7,11,8993081
182171b1248000002fe8,11,9004240
182171b1248000002fea,11,9004282
182171b1248000002ff6,11,9297979
182171b1248000002ff9,11,9298581
182171b1248000002ffb,11,9433462
182171b1248000002fff,11,9957312
182171b1248000003003,11,9957335
182171b1248000003007,11,10140964
182171b1248000003029,11,10564858
182171b1248000003023,11,10835097
182171b124800000302e,11,11336565
182171b1248000003033,11,11363852
182171b1248000003035,11,11517571
182171b1248000003041,11,12293401
182171b1248000003052,11,13754411
182171b1248000003053,11,13766654
182171b1248000003048,11,13855864
182171b1248000003058,11,14339954
182171b124800000305e,11,14778844
182171b1248000003065,11,15035212
182171b124800000306a,11,15337285
182171b124800000306e,11,15425987
182171b1248000003076,11,15538746
182171b124800000307c,11,15562961
182171b1248000003071,11,16164477
182171b1248000003072,11,16263642
182171b1248000003078,11,16408995
182171b124800000307a,11,16409441
182171b124800000307d,11,16422205
182171b1248000003082,11,16461836
182171b124800000309c,11,16582573
182171b124800000308e,11,16585537
182171b124800000309f,11,16735237
182171b12480000030a2,11,16735361
182171b12480000030a5,11,16735385
182171b12480000030a7,11,16735450
182171b12480000030ab,11,16981061
182171b12480000030b4,11,17178244
182171b12480000030c1,11,17205203
182171b12480000030ca,11,17260490
182171b12480000030af,11,17346610
182171b12480000030b9,11,17431177
182171b12480000030ba,11,17434402
182171b12480000030bb,11,17479607
182171b12480000030bc,11,17480919
182171b12480000030c0,11,17556815
182171b12480000030c2,11,17629392
182171b12480000030c3,11,17629416
182171b12480000030cd,11,17714097
182171b12480000030cf,11,17820043
182171b12480000030d1,11,17843745
182171b12480000030d4,11,18046637
182171b12480000030dd,11,18235585
182171b12480000030d9,11,18355555
182171b12480000030dc,11,18360968
182171b12480000030e6,11,18389668
182171b12480000030ea,11,18426629
182171b12480000030f0,11,18449220
182171b12480000030f1,11,18488743
182171b12480000030f4,11,18546364
182171b12480000030f5,11,18575259
182171b12480000030fa,11,18684532
182171b12480000030f7,11,19070395
182171b1248000003101,11,19340608
182171b1248000003105,11,19355277
182171b124800000310d,11,19695127
182171b1248000003112,11,19708161
182171b1248000003114,11,19979972
182171b124800000311a,11,20035856
182171b1248000003123,11,20137161
182171b1248000003124,11,20176606
182171b1248000003125,11,20323618
182171b1248000003127,11,20329811
182171b1248000003128,11,20442127
182171b124800000312c,11,20502336
182171b124800000311b,11,20502436
182171b1248000003129,11,20709004
182171b1248000003131,11,20730510
182171b1248000003134,11,20737119
182171b1248000003149,11,20885793
182171b124800000314b,11,20906580
182171b1248000003151,11,21040120
182171b1248000003144,11,21050827
182171b1248000003148,11,21050872
182171b124800000315d,11,21215459
182171b124800000315e,11,21215473
182171b1248000003166,11,21409188
182171b124800000316a,11,21450352
182171b124800000316b,11,21450687
182171b124800000316d,11,21483524
182171b124800000316e,11,21483580
182171b124800000316f,11,21488632
182171b1248000003170,11,21490105
182171b1248000003174,11,21495207
182171b1248000003175,11,21495216
182171b1248000003160,11,21710058
182171b1248000003165,11,21710069
182171b1248000003167,11,21787718
182171b1248000003168,11,21787728
182171b1248000003173,11,21789629
182171b1248000003176,11,21789646
182171b1248000003179,11,21789695
182171b124800000317f,11,21799404
182171b1248000003180,11,21799511
182171b1248000003184,11,21961619
182171b1248000003185,11,21961620
182171b1248000003186,11,21961636
182171b124800000318a,11,21976415
182171b1248000003190,11,22019918
182171b1248000003192,11,22019929
182171b1248000003193,11,22019988
182171b1248000003194,11,22031752
182171b1248000003195,11,22153174
182171b1248000003196,11,22154134
182171b1248000003198,11,22220164
182171b1248000003199,11,22220168
182171b12480000031a2,11,22319901
182171b12480000031a3,11,22451344
182171b12480000031a5,11,22479590
182171b12480000031a8,11,22504845
182171b12480000031a9,11,22513889
182171b12480000031af,11,22553928
182171b12480000031b0,11,22579162
182171b12480000031b1,11,22661097
182171b12480000031b3,11,22661121
182171b12480000031b5,11,22661127
182171b12480000031b7,11,22661143
182171b12480000031ba,11,22770622
182171b12480000031bb,11,22884449
182171b12480000031bc,11,22884451
182171b12480000031bd,11,22884452
182171b12480000031be,11,22884474
182171b12480000031bf,11,22892879
182171b12480000031c3,11,23081804
182171b12480000031c4,11,23111527
182171b12480000031c5,11,23156566
182171b12480000031c6,11,23179607
182171b12480000031c7,11,23269798
182171b12480000031c8,11,23269819
182171b12480000031ca,11,23286497
182171b12480000031cb,11,23359725
182171b12480000031cd,11,23426334
182171b12480000031cf,11,23430422
182171b12480000031d0,11,23436990
182171b12480000031d7,11,23464621
182171b12480000031de,11,23729833
182171b12480000031db,11,23793463
182171b12480000031dd,11,23911849
182171b12480000031e0,11,23984469
182171b12480000031e1,11,23986154
182171b12480000031e3,11,23990228
182171b12480000031e5,11,24068338
182171b12480000031e7,11,24068351
182171b12480000031e8,11,24068852
182171b12480000031ea,11,24092635
182171b12480000031eb,11,24102991
182171b12480000031ec,11,24102994
182171b12480000031ed,11,24122020
182171b12480000031ee,11,24162837
182171b12480000031ef,11,24163070
182171b12480000031f3,11,24246574
182171b12480000031f9,11,24246600
182171b12480000031fd,11,24246684
182171b12480000031fe,11,24263959
182171b1248000003204,11,24263976
182171b12480000031fa,11,24265426
182171b12480000031ff,11,24265452
182171b1248000003217,11,24346684
182171b124800000321b,11,24412415
182171b124800000321d,11,24440334
182171b1248000003222,11,24440357
182171b1248000003223,11,24440383
182171b1248000003220,11,24650723
182171b1248000003221,11,24650763
182171b1248000003224,11,24650793
182171b1248000003225,11,24652086
182171b1248000003228,11,24656548
182171b1248000003229,11,24656557
182171b124800000322a,11,24656558
182171b124800000322b,11,24656563
182171b124800000322c,11,24656566
182171b124800000322d,11,24658646
182171b124800000322e,11,24658673
182171b124800000322f,11,24658680
182171b1248000003230,11,24658731
182171b1248000003232,11,24658831
182171b1248000003233,11,24658859
182171b1248000003234,11,24658860
182171b1248000003235,11,24666773
182171b1248000003236,11,24666821
182171b1248000003237,11,24666823
182171b1248000003239,11,24667359
182171b124800000323a,11,24674893
182171b124800000323d,11,24674905
182171b124800000323f,11,24764771
182171b1248000003244,11,24767552
182171b124800000324a,11,24799827
182171b124800000324c,11,24799829
182171b124800000323c,11,24799893
182171b1248000003241,11,24917923
182171b1248000003245,11,24972811
182171b1248000003246,11,24974777
182171b1248000003248,11,24974785
182171b124800000324b,11,25011256
182171b124800000324d,11,25046191
182171b1248000003256,11,25140311
182171b1248000003258,11,25180886
182171b1248000003259,11,25180934
182171b124800000325a,11,25180944
182171b124800000325b,11,25181039
182171b124800000325f,11,25181078
182171b1248000003262,11,25204434
182171b1248000003268,11,25262209
182171b124800000326a,11,25279481
182171b124800000326c,11,25285936
182171b124800000326f,11,25364222
182171b1248000003265,11,25596276
182171b1248000003271,11,25770641
182171b1248000003273,11,25770715
182171b1248000003274,11,25777549
182171b1248000003276,11,25783567
182171b1248000003277,11,25783568
182171b1248000003279,11,25785723
182171b124800000327a,11,25785727
182171b124800000327d,11,25785739
182171b1248000003280,11,25785761
182171b1248000003281,11,25821693
182171b1248000003282,11,25829686
182171b1248000003283,11,25854146
182171b1248000003284,11,25879015
182171b1248000003285,11,25879019
182171b1248000003286,11,25879023
182171b1248000003287,11,25879027
182171b1248000003288,11,25879041
182171b1248000003289,11,25879042
182171b124800000328a,11,25879046
182171b124800000328b,11,25879049
182171b124800000328c,11,25933350
182171b1248000003291,11,26019216
182171b1248000003292,11,26050396
182171b124800000329a,11,26440540
182171b124800000329c,11,26451617
182171b124800000329f,11,26482910
182171b12480000032a0,11,26482928
182171b12480000032a1,11,26482950
182171b12480000032a4,11,26503396
182171b12480000032a9,11,26523065
182171b12480000032ac,11,26523925
182171b12480000032b1,11,26523926
182171b12480000032b3,11,26523927
182171b12480000032bb,11,26552921
182171b12480000032bd,11,26560428
182171b12480000032a6,11,26973019
182171b12480000032aa,11,26976561
182171b12480000032ab,11,26976648
182171b12480000032af,11,27009544
182171b12480000032b2,11,27009597
182171b12480000032b4,11,27009608
182171b12480000032b8,11,27078845
182171b12480000032be,11,27181046
182171b12480000032c0,11,27181085
182171b12480000032c1,11,27181098
182171b12480000032c2,11,27181110
182171b12480000032c6,11,27236600
182171b12480000032c7,11,27282445
182171b12480000032c9,11,27394024
182171b12480000032cb,11,27415709
182171b12480000032cc,11,27445299
182171b12480000032cd,11,27445312
182171b12480000032ce,11,27445348
182171b12480000032d0,11,27445353
182171b12480000032d2,11,27445362
182171b12480000032d4,11,27482794
182171b12480000032d7,11,27482988
182171b12480000032d1,11,27483083
182171b12480000032d8,11,27483094
182171b12480000032da,11,27486394
182171b12480000032dd,11,27570648
182171b12480000032de,11,27570653
182171b12480000032df,11,27594606
182171b12480000032e1,11,27669959
182171b12480000032e3,11,27695289
182171b12480000032e5,11,27775422
182171b12480000032e6,11,27778240
182171b12480000032e8,11,27797308
182171b12480000032ea,11,27804887
182171b12480000032eb,11,27804901
182171b12480000032ef,11,27829621
182171b12480000032f3,11,28005751
182171b12480000032f4,11,28005757
182171b12480000032f5,11,28005769
182171b12480000032fa,11,28005801
182171b12480000032ff,11,28168899
182171b1248000003301,11,28692799
182171b1248000003303,11,28722313
182171b124800000330e,11,28785923
182171b1248000003310,11,28789254
182171b1248000003311,11,28789255
182171b1248000003312,11,28790488
182171b124800000331b,11,28912731
182171b124800000331c,11,28980620
182171b124800000331e,11,29000257
182171b1248000003320,12,147015
182171b1248000003321,12,260274
182171b1248000003322,12,304215
182171b1248000003323,12,338846
182171b1248000003324,12,489258
182171b1248000003325,12,533987
182171b1248000003328,12,664997
182171b1248000003329,12,665024
182171b124800000332c,12,762317
182171b124800000332d,12,779745
182171b124800000332e,12,839135
182171b1248000003332,12,905737
182171b1248000003333,12,906674
182171b1248000003334,12,906720
182171b124800000332a,12,908531
182171b124800000332b,12,912549
182171b124800000332f,12,948695
182171b1248000003330,12,948719
182171b1248000003331,12,962243
182171b1248000003336,12,1027258
182171b1248000003337,12,1051484
182171b1248000003338,12,1073873
182171b124800000333a,12,1073946
182171b124800000333c,12,1133221
182171b124800000333d,12,1133248
182171b124800000333e,12,1140938
182171b124800000333f,12,1144596
182171b1248000003340,12,1184929
182171b1248000003341,12,1184939
182171b1248000003342,12,1184954
182171b1248000003343,12,1234205
182171b1248000003344,12,1234206
182171b1248000003345,12,1336637
182171b1248000003346,12,1373509
182171b1248000003347,12,1377636
182171b1248000003348,12,1377642
182171b1248000003353,12,1395516
182171b1248000003355,12,1395517
182171b1248000003357,12,1426866
182171b1248000003359,12,1485388
182171b124800000335b,12,1507186
182171b1248000003360,12,1507228
182171b1248000003362,12,1593912
182171b1248000003363,12,1617184
182171b1248000003364,12,1617213
182171b1248000003349,12,1734303
182171b124800000334a,12,1746530
182171b124800000334b,12,1746589
182171b124800000334c,12,1879890
182171b124800000334d,12,1933706
182171b124800000334e,12,1933712
182171b124800000334f,12,1933713
182171b1248000003350,12,1937500
182171b1248000003351,12,1941337
182171b1248000003352,12,1991199
182171b1248000003356,12,2090012
182171b1248000003358,12,2090432
182171b124800000335a,12,2097696
182171b124800000335c,12,2156189
182171b124800000335d,12,2185254
182171b124800000335e,12,2206293
182171b124800000335f,12,2223914
182171b1248000003366,12,2279167
182171b1248000003367,12,2279174
182171b1248000003368,12,2285214
182171b1248000003369,12,2285526
182171b124800000336a,12,2288417
182171b124800000336b,12,2288494
182171b124800000336c,12,2342821
182171b124800000336d,12,2458830
182171b124800000336e,12,2458894
182171b1248000003370,12,2458903
182171b1248000003371,12,2458925
182171b1248000003373,12,2458930
182171b1248000003376,12,2458947
182171b1248000003377,12,2590207
182171b124800000337c,12,2809736
182171b1248000003372,12,2976662
182171b1248000003375,12,3065351
182171b1248000003378,12,3069961
182171b124800000337e,12,3299920
182171b124800000337f,12,3304911
182171b1248000003381,12,3304938
182171b1248000003382,12,3321009
182171b1248000003383,12,3321022
182171b1248000003384,12,3459664
182171b1248000003385,12,3516136
182171b1248000003386,12,3516178
182171b1248000003387,12,3571768
182171b1248000003388,12,3591036
182171b1248000003389,12,3591052
182171b124800000338a,12,3594516
182171b124800000338b,12,3600073
182171b124800000338d,12,3642710
182171b124800000338e,12,3643306
182171b1248000003390,12,3761534
182171b1248000003391,12,3809245
182171b1248000003392,12,3849630
182171b1248000003393,12,3870521
182171b1248000003396,12,3870557
182171b124800000339b,12,3886918
182171b124800000339e,12,3888310
182171b12480000033a0,12,3888325
182171b12480000033a8,12,3991507
182171b12480000033ab,12,4040474
182171b1248000003395,12,4103438
182171b1248000003397,12,4146743
182171b1248000003399,12,4146774
182171b124800000339a,12,4153216
182171b124800000339c,12,4188261
182171b124800000339d,12,4199994
182171b12480000033a2,12,4434617
182171b12480000033a3,12,4469369
182171b12480000033a5,12,4501015
182171b12480000033a6,12,4501026
182171b12480000033a7,12,4501044
182171b12480000033a9,12,4501127
182171b12480000033aa,12,4507835
182171b12480000033ad,12,4553260
182171b12480000033af,12,4674242
182171b12480000033b0,12,4753673
182171b12480000033b1,12,4805800
182171b12480000033b2,12,4805835
182171b12480000033b3,12,4857140
182171b12480000033b4,12,4867105
182171b12480000033b5,12,4869808
182171b12480000033b6,12,5046089
182171b12480000033b9,12,5381391
182171b12480000033ba,12,5457915
182171b12480000033bd,12,5476653
182171b12480000033c1,12,5476766
182171b12480000033c2,12,5512573
182171b12480000033c3,12,5512577
182171b12480000033c6,12,5512586
182171b12480000033b7,12,5589613
182171b12480000033b8,12,5699465
182171b12480000033bb,12,5705447
182171b12480000033bc,12,5705471
182171b12480000033be,12,5747651
182171b12480000033bf,12,5750822
182171b12480000033c0,12,5750839
182171b12480000033c4,12,5750917
182171b12480000033c5,12,5751176
182171b12480000033c8,12,5751186
182171b12480000033ca,12,5751188
182171b12480000033cb,12,5751189
182171b12480000033ce,12,5753166
182171b12480000033d0,12,5766821
182171b12480000033d1,12,5803563
182171b12480000033d3,12,5804899
182171b12480000033d4,12,6717439
182171b12480000033d7,12,6759922
182171b12480000033d8,12,7102322
182171b12480000033de,12,7116784
182171b12480000033df,12,7141820
182171b12480000033e0,12,7173051
182171b12480000033e4,12,7181072
182171b12480000033ea,12,7205761
182171b12480000033dc,12,7232967
182171b12480000033e6,12,7409973
182171b12480000033e7,12,7434458
182171b12480000033e8,12,7475014
182171b12480000033ec,12,7536720
182171b12480000033f0,12,7823557
182171b12480000033f1,12,7823609
182171b12480000033f2,12,7894041
182171b12480000033f4,12,8113933
182171b12480000033f5,12,8417176
182171b12480000033f6,12,8417178
182171b12480000033f7,12,8417198
182171b12480000033f8,12,8849925
182171b12480000033f9,12,8857002
182171b12480000033fa,12,8862714
182171b12480000033fe,12,8893186
182171b1248000003402,12,8893197
182171b1248000003403,12,8909716
182171b1248000003406,12,8961419
182171b1248000003409,12,9067569
182171b124800000340a,12,9067627
182171b1248000003412,12,9170329
182171b1248000003413,12,9250804
182171b1248000003400,12,9401243
182171b1248000003405,12,9401286
182171b124800000340b,12,9499921
182171b124800000340d,12,9583136
182171b1248000003416,12,9819324
182171b1248000003418,12,9896101
182171b124800000341a,12,9896365
182171b124800000341f,12,10106733
182171b1248000003423,12,10206427
182171b1248000003425,12,10278173
182171b124800000342c,12,10352785
182171b1248000003432,12,10387454
182171b1248000003427,12,10430973
182171b1248000003434,12,10698027
182171b1248000003436,12,10714627
182171b1248000003437,12,10740779
182171b1248000003438,12,10740793
182171b124800000343b,12,10755335
182171b124800000343c,12,10797036
182171b1248000003440,12,10928706
182171b1248000003441,12,10936508
182171b1248000003444,12,10970139
182171b1248000003446,12,10986410
182171b124800000344e,12,10996127
182171b124800000345e,12,11360186
182171b1248000003447,12,11424965
182171b1248000003448,12,11723435
182171b124800000344a,12,12196936
182171b1248000003451,12,12430965
182171b1248000003454,12,12620732
182171b1248000003461,12,12970354
182171b1248000003463,12,12973207
182171b1248000003464,12,12973246
182171b1248000003466,12,12973268
182171b124800000346b,12,13178723
182171b124800000346e,12,13190896
182171b1248000003471,12,13192841
182171b1248000003472,12,13430289
182171b1248000003473,12,13430305
182171b124800000347b,12,13490436
182171b124800000347d,12,13550390
182171b124800000348a,12,13663162
182171b1248000003495,12,13665633
182171b1248000003496,12,13665649
182171b124800000348c,12,13755604
182171b124800000348e,12,13881377
182171b1248000003490,12,14007840
182171b1248000003492,12,14101455
182171b1248000003498,12,14101460
182171b1248000003499,12,14121745
182171b124800000349d,12,14263125
182171b12480000034b0,12,14490542
182171b12480000034b2,12,14500805
182171b12480000034b6,12,14599449
182171b12480000034b8,12,14599484
182171b12480000034ba,12,14665378
182171b124800000349e,12,14665434
182171b124800000349f,12,14843627
182171b12480000034a7,12,14912045
182171b12480000034a8,12,14912066
182171b12480000034af,12,15127318
182171b12480000034b1,12,15127550
182171b12480000034b4,12,15134595
182171b12480000034be,12,15311613
182171b12480000034bf,12,15311656
182171b12480000034c1,12,15338354
182171b12480000034c3,12,15338420
182171b12480000034c4,12,15338472
182171b12480000034c5,12,15413671
182171b12480000034cb,12,15786779
182171b12480000034cc,12,15790877
182171b12480000034d3,12,15805148
182171b12480000034cd,12,15855521
182171b12480000034cf,12,15960818
182171b12480000034d0,12,15965268
182171b12480000034d5,12,16082173
182171b12480000034d7,12,16261388
182171b12480000034d8,12,16261395
182171b12480000034d9,12,16261401
182171b12480000034da,12,16261423
182171b12480000034dc,12,16261487
182171b12480000034e2,12,16465269
182171b12480000034e3,12,16468351
182171b12480000034e8,12,16468414
182171b12480000034ef,12,16500692
182171b12480000034f2,12,16547591
182171b12480000034f4,12,16589891
182171b12480000034fc,12,17006175
182171b12480000034ff,12,17012768
182171b1248000003502,12,17016036
182171b1248000003504,12,17312600
182171b1248000003505,12,17312649
182171b1248000003506,12,17312674
182171b124800000350a,12,17312753
182171b124800000350b,12,17353565
182171b124800000350c,12,17353602
182171b1248000003511,12,17517730
182171b1248000003513,12,17574650
182171b124800000351e,12,17904785
182171b1248000003515,12,17961810
182171b1248000003516,12,17961828
182171b124800000351f,12,17979871
182171b1248000003521,12,18040492
182171b1248000003522,12,18054527
182171b1248000003527,12,18060847
182171b1248000003528,12,18289667
182171b1248000003529,12,18293663
182171b124800000352a,12,18293683
182171b124800000352d,12,18487896
182171b124800000352e,12,18487913
182171b1248000003533,12,18487935
182171b1248000003534,12,18487936
182171b1248000003539,12,18582835
182171b124800000353a,12,18610721
182171b1248000003544,12,19069617
182171b1248000003545,12,19105452
182171b124800000352f,12,19105460
182171b124800000353d,12,19268921
182171b1248000003549,12,19431131
182171b124800000354a,12,19476809
182171b124800000354c,12,19537102
182171b1248000003552,12,19700448
182171b1248000003558,12,19717922
182171b124800000355a,12,19796786
182171b1248000003567,12,19936159
182171b1248000003553,12,19936221
182171b124800000355d,12,19995703
182171b124800000355f,12,20026608
182171b124800000356b,12,20140027
182171b124800000356e,12,20731941
182171b1248000003572,12,20802707
182171b1248000003573,12,20802943
182171b124800000357f,12,20909497
182171b1248000003585,12,21059222
182171b124800000358f,12,21465484
182171b124800000359e,12,21918703
182171b12480000035b2,12,22136067
182171b12480000035b6,12,22138077
182171b12480000035b9,12,22139197
182171b12480000035bf,12,22167623
182171b12480000035c8,12,22287277
182171b12480000035d8,12,22452366
182171b12480000035db,12,22461106
182171b12480000035e0,12,22481344
182171b12480000035e9,12,22620695
182171b12480000035e4,12,22705762
182171b12480000035f1,12,22886999
182171b12480000035fa,12,23071440
182171b124800000360d,12,23184169
182171b1248000003608,12,23513117
182171b124800000360f,12,23637314
182171b1248000003610,12,23637357
182171b124800000361c,12,23809107
182171b1248000003623,12,23937897
182171b1248000003624,12,23937951
182171b1248000003628,12,23947487
182171b1248000003639,12,23981412
182171b124800000363d,12,24054067
182171b1248000003631,12,24249643
182171b1248000003641,12,24281401
182171b1248000003646,12,24476994
182171b124800000364c,12,24587705
182171b124800000364d,12,24604010
182171b124800000364e,12,24604012
182171b1248000003651,12,24709420
182171b1248000003659,12,24746947
182171b1248000003660,12,24973458
182171b1248000003662,12,24973479
182171b1248000003652,12,25030151
182171b1248000003654,12,25065778
182171b1248000003655,12,25108242
182171b124800000365b,12,25325902
182171b124800000365d,12,25440393
182171b1248000003661,12,25526194
182171b1248000003669,12,25771216
182171b1248000003679,12,25922575
182171b1248000003681,12,25922583
182171b1248000003686,12,25925411
182171b1248000003687,12,25929309
182171b1248000003688,12,25935811
182171b124800000368a,12,25968898
182171b124800000368b,12,25977546
182171b124800000368c,12,26026292
182171b124800000368d,12,26063682
182171b124800000368e,12,26063732
182171b124800000368f,12,26063842
182171b1248000003671,12,26063847
182171b1248000003672,12,26063865
182171b1248000003673,12,26072607
182171b1248000003674,12,26107977
182171b1248000003675,12,26108010
182171b1248000003677,12,26147926
182171b124800000367a,12,26159543
182171b124800000367b,12,26190774
182171b124800000367c,12,26194980
182171b124800000367e,12,26198042
182171b124800000367f,12,26198508
182171b1248000003680,12,26198509
182171b1248000003682,12,26214081
182171b1248000003684,12,26274049
182171b1248000003685,12,26274068
182171b1248000003690,12,26274100
182171b1248000003691,12,26282063
182171b1248000003692,12,26292586
182171b1248000003693,12,26296692
182171b1248000003694,12,26296723
182171b1248000003697,12,26372254
182171b1248000003698,12,26401059
182171b124800000369b,12,26464459
182171b124800000369d,12,26631002
182171b12480000036a2,12,26695284
182171b12480000036a5,12,26771375
182171b124800000369e,12,26892999
182171b12480000036ab,12,26915297
182171b12480000036ad,12,26915340
182171b12480000036b1,12,27125760
182171b12480000036b2,12,27125798
182171b12480000036b3,12,27125808
182171b12480000036b4,12,27194836
182171b12480000036b6,12,27200528
182171b12480000036b8,12,27200542
182171b12480000036ba,12,27207503
182171b12480000036bb,12,27207630
182171b12480000036bc,12,27207653
182171b12480000036bd,12,27209986
182171b12480000036bf,12,27241143
182171b12480000036c2,12,27241998
182171b12480000036c5,12,27261374
182171b12480000036c7,12,27317443
182171b12480000036c8,12,27343327
182171b12480000036c9,12,27387853
182171b12480000036ca,12,27414834
182171b12480000036b5,12,27439297
182171b12480000036b7,12,27445907
182171b12480000036b9,12,27445909
182171b12480000036be,12,27469742
182171b12480000036c1,12,27504737
182171b12480000006ee,2,282742
182171b12480000006f9,2,463468
182171b12480000006fb,2,463788
182171b1248000000704,2,568359
182171b1248000000707,2,745198
182171b1248000000709,2,802695
182171b124800000070c,2,802745
182171b1248000000710,2,891823
182171b1248000000711,2,919324
182171b1248000000712,2,932052
182171b1248000000713,2,939929
182171b1248000000715,2,939935
182171b1248000000716,2,944846
182171b1248000000719,2,944850
182171b124800000071c,2,944882
182171b124800000071d,2,944892
182171b124800000071e,2,966386
182171b1248000000714,2,971016
182171b1248000000717,2,976064
182171b1248000000718,2,976513
182171b124800000071a,2,982569
182171b124800000071b,2,984112
182171b124800000071f,2,1107906
182171b1248000000720,2,1107917
182171b1248000000722,2,1163251
182171b1248000000723,2,1226184
182171b1248000000724,2,1338861
182171b1248000000725,2,1347796
182171b1248000000727,2,1360626
182171b1248000000728,2,1389401
182171b124800000072a,2,1437312
182171b124800000072b,2,1440034
182171b1248000000730,2,1589947
182171b1248000000733,2,1794418
182171b1248000000735,2,1879463
182171b1248000000736,2,1931945
182171b1248000000739,2,2017943
182171b124800000073a,2,2017958
182171b124800000073b,2,2017962
182171b124800000073d,2,2018007
182171b1248000000740,2,2125275
182171b1248000000742,2,2158996
182171b1248000000743,2,2159035
182171b1248000000745,2,2159077
182171b1248000000746,2,2159098
182171b1248000000748,2,2178338
182171b1248000000749,2,2208840
182171b124800000074a,2,2237259
182171b124800000074b,2,2407359
182171b124800000074d,2,2485001
182171b124800000074e,2,2542872
182171b124800000074f,2,2542874
182171b1248000000750,2,2542883
182171b1248000000751,2,2542924
182171b1248000000752,2,2554619
182171b1248000000753,2,2623256
182171b1248000000754,2,2642286
182171b1248000000758,2,2727732
182171b1248000000759,2,2731352
182171b124800000075a,2,2731366
182171b1248000000760,2,2735453
182171b1248000000762,2,2777671
182171b1248000000763,2,2844235
182171b1248000000769,2,2844255
182171b124800000076b,2,2845560
182171b124800000076d,2,2868165
182171b124800000075b,2,2868255
182171b124800000075c,2,2868638
182171b124800000075f,2,2905224
182171b1248000000764,2,2942067
182171b1248000000765,2,2942086
182171b1248000000766,2,2943181
182171b1248000000768,2,2943218
182171b124800000076a,2,2949050
182171b124800000076c,2,2949066
182171b1248000000770,2,2949225
182171b1248000000773,2,2983130
182171b1248000000776,2,3104278
182171b1248000000777,2,3104286
182171b1248000000778,2,3150369
182171b1248000000779,2,3167739
182171b124800000077d,2,3234815
182171b124800000077e,2,3242863
182171b124800000077f,2,3267026
182171b1248000000780,2,3267048
182171b1248000000783,2,3369951
182171b124800000078b,2,3835655
182171b1248000000791,2,3965225
182171b1248000000792,2,3974209
182171b1248000000795,2,4038770
182171b12480000007ac,2,4241262
182171b12480000007a3,2,4308661
182171b12480000007a9,2,4367132
182171b12480000007b4,2,4367221
182171b12480000007b5,2,4390486
182171b12480000007bb,2,4390564
182171b12480000007c2,2,4609394
182171b12480000007c3,2,4629143
182171b12480000007c6,2,4713879
182171b12480000007cb,2,4748022
182171b12480000007cc,2,4748049
182171b12480000007d1,2,4834254
182171b12480000007d3,2,4862895
182171b12480000007e0,2,5044103
182171b12480000007f6,2,5359370
182171b12480000007fd,2,5715882
182171b124800000080a,2,6058563
182171b124800000080e,2,6220431
182171b1248000000816,2,6266196
182171b124800000081b,2,6278645
182171b124800000081f,2,6328540
182171b1248000000825,2,6433464
182171b1248000000826,2,6433470
182171b1248000000827,2,6438949
182171b1248000000828,2,6444068
182171b1248000000829,2,6444075
182171b124800000082f,2,6682103
182171b1248000000830,2,6700744
182171b1248000000832,2,6707936
182171b1248000000833,2,6766179
182171b1248000000834,2,6766191
182171b1248000000835,2,6766215
182171b1248000000836,2,6792218
182171b1248000000837,2,6792224
182171b1248000000838,2,6792266
182171b124800000083a,2,6809688
182171b1248000000839,2,6981225
182171b124800000083b,2,6981272
182171b124800000083c,2,6986426
182171b124800000083d,2,7020946
182171b124800000083e,2,7084570
182171b1248000000841,2,7180601
182171b1248000000842,2,7180608
182171b1248000000843,2,7180622
182171b1248000000844,2,7235012
182171b1248000000845,2,7280507
182171b1248000000846,2,7305285
182171b1248000000847,2,7307841
182171b1248000000848,2,7307843
182171b124800000084c,2,7316810
182171b1248000000851,2,7400563
182171b1248000000853,2,7442457
182171b1248000000854,2,7442466
182171b1248000000858,2,7445649
182171b124800000085d,2,7445661
182171b124800000085f,2,7445664
182171b1248000000861,2,7445676
182171b1248000000863,2,7445680
182171b1248000000865,2,7445696
182171b1248000000867,2,7536248
182171b1248000000855,2,7536288
182171b1248000000857,2,7556325
182171b124800000085b,2,7595572
182171b124800000085c,2,7603950
182171b124800000085e,2,7627775
182171b1248000000860,2,7653221
182171b1248000000864,2,7711988
182171b1248000000866,2,7720567
182171b1248000000868,2,7743330
182171b1248000000869,2,7745608
182171b124800000086a,2,7745638
182171b124800000086b,2,7745647
182171b124800000086c,2,7751395
182171b124800000086d,2,7838978
182171b124800000086e,2,7898498
182171b124800000086f,2,7960974
182171b1248000000870,2,7970089
182171b1248000000871,2,7970092
182171b1248000000872,2,7971876
182171b1248000000879,2,8279072
182171b124800000087f,2,8308294
182171b124800000088d,2,8384543
182171b1248000000875,2,8384579
182171b124800000087a,2,8414317
182171b124800000087d,2,8414471
182171b1248000000882,2,8414475
182171b1248000000883,2,8415481
182171b1248000000884,2,8449860
182171b124800000088c,2,8454817
182171b1248000000890,2,8598930
182171b1248000000896,2,8820289
182171b1248000000897,2,8820315
182171b124800000089b,2,8826590
182171b12480000008a1,2,8837269
182171b12480000008b0,2,8908002
182171b12480000008b4,2,8918572
182171b12480000008b5,2,8921551
182171b124800000089a,2,8921571
182171b124800000089d,2,8998611
182171b124800000089e,2,8998662
182171b124800000089f,2,9053030
182171b12480000008a0,2,9069566
182171b12480000008a2,2,9069602
182171b12480000008a6,2,9069635
182171b12480000008a7,2,9069636
182171b12480000008ac,2,9086598
182171b12480000008ad,2,9086614
182171b12480000008b8,2,9473231
182171b12480000008ba,2,9473263
182171b12480000008bb,2,9473265
182171b12480000008bc,2,9492550
182171b12480000008bd,2,9498473
182171b12480000008be,2,9498507
182171b12480000008bf,2,9498516
182171b12480000008c0,2,9498528
182171b12480000008c4,2,9499225
182171b12480000008c5,2,9499243
182171b12480000008c6,2,9499285
182171b12480000008c7,2,9506303
182171b12480000008cb,2,9506313
182171b12480000008d1,2,9527132
182171b12480000008d3,2,9638223
182171b12480000008c2,2,9638307
182171b12480000008c3,2,9638312
182171b12480000008c8,2,9638352
182171b12480000008c9,2,9706302
182171b12480000008ca,2,9923657
182171b12480000008ce,2,9923685
182171b12480000008d0,2,9932043
182171b12480000008d2,2,9976318
182171b12480000008d4,2,10002340
182171b12480000008d5,2,10012558
182171b12480000008d6,2,10080338
182171b12480000008d7,2,10080346
182171b12480000008d9,2,10081831
182171b12480000008da,2,10081870
182171b12480000008dd,2,10191982
182171b12480000008e4,2,10270166
182171b12480000008e8,2,10272659
182171b12480000008ea,2,10333095
182171b12480000008f0,2,10348667
182171b12480000008ec,2,10374836
182171b12480000008f6,2,10534914
182171b1248000000904,2,10635526
182171b1248000000925,2,11179486
182171b1248000000926,2,11179505
182171b1248000000927,2,11200519
182171b1248000000928,2,11205571
182171b124800000092e,2,11322146
182171b1248000000937,2,11498094
182171b1248000000930,2,11642337
182171b1248000000935,2,12206668
182171b1248000000939,2,12206729
182171b124800000093c,2,12341824
182171b124800000093e,2,12370984
182171b1248000000942,2,12493670
182171b1248000000943,2,12520443
182171b1248000000944,2,12533534
182171b1248000000945,2,12587412
182171b1248000000946,2,12666215
182171b1248000000947,2,12724512
182171b1248000000949,2,12852605
182171b124800000094a,2,12859121
182171b124800000094d,2,12942153
182171b124800000094f,2,13097359
182171b1248000000954,2,13176187
182171b1248000000956,2,13186133
182171b124800000095d,2,13227675
182171b1248000000962,2,13305094
182171b1248000000963,2,13307123
182171b1248000000964,2,13309729
182171b1248000000965,2,13401045
182171b1248000000966,2,13560863
182171b1248000000967,2,13560870
182171b1248000000968,2,13873581
182171b1248000000969,2,14337517
182171b124800000096a,2,14337519
182171b124800000096c,2,14966954
182171b124800000094b,2,15142124
182171b124800000094e,2,15225941
182171b1248000000950,2,15245144
182171b1248000000951,2,15245173
182171b1248000000952,2,15365497
182171b1248000000953,2,15396664
182171b1248000000955,2,15448557
182171b1248000000957,2,15775411
182171b1248000000958,2,15792965
182171b1248000000959,2,15836752
182171b124800000095a,2,15949313
182171b124800000095c,2,16019796
182171b124800000096b,2,16348276
182171b1248000000973,2,16680792
182171b1248000000978,2,16732070
182171b124800000097a,2,16734593
182171b124800000097c,2,16734649
182171b124800000097f,2,16795762
182171b1248000000980,2,16822874
182171b1248000000983,2,16825496
182171b1248000000989,2,16828948
182171b124800000098b,2,16832807
182171b1248000000991,2,16902203
182171b1248000000996,2,16983494
182171b1248000000997,2,16983642
182171b1248000000999,2,17189521
182171b1248000000987,2,17490957
182171b124800000099c,2,17535848
182171b124800000099e,2,17870993
182171b12480000009a2,2,17943452
182171b12480000009a3,2,18059754
182171b12480000009ae,2,18228890
182171b12480000009b4,2,18237934
182171b12480000009b5,2,18237967
182171b12480000009be,2,18240951
182171b12480000009bf,2,18251869
182171b12480000009c0,2,18312245
182171b12480000009c5,2,18370044
182171b12480000009aa,2,18505413
182171b12480000009ac,2,18544440
182171b12480000009af,2,18578446
182171b12480000009b1,2,18631237
182171b12480000009b2,2,18704410
182171b12480000009b6,2,18718113
182171b12480000009b7,2,18809789
182171b12480000009b9,2,18809831
182171b12480000009ba,2,18811741
182171b12480000009bb,2,18948034
182171b12480000009bd,2,19020340
182171b12480000009c3,2,19157933
182171b12480000009c4,2,19165847
182171b12480000009c6,2,19165874
182171b12480000009c8,2,19221915
182171b12480000009c9,2,19226464
182171b12480000009ca,2,19268968
182171b12480000009cb,2,19268975
182171b12480000009cd,2,19268999
182171b12480000009ce,2,19319594
182171b12480000009cf,2,19319647
182171b12480000009d0,2,19420646
182171b12480000009d3,2,19454738
182171b12480000009d4,2,19466710
182171b12480000009d6,2,19640152
182171b12480000009d7,2,19661213
182171b12480000009d2,2,19683324
182171b12480000009e9,2,19965028
182171b12480000009ec,2,19969406
182171b1248000000a02,2,20253257
182171b1248000000a05,2,20283718
182171b1248000000a07,2,20310199
182171b1248000000a0a,2,20384711
182171b12480000009ef,2,20390169
182171b12480000009f1,2,20423106
182171b12480000009f3,2,20423125
182171b12480000009f7,2,20455174
182171b12480000009f8,2,20455187
182171b12480000009f9,2,20529142
182171b12480000009fb,2,20529221
182171b12480000009fc,2,20566126
182171b12480000009fd,2,20566195
182171b1248000000a03,2,20700827
182171b1248000000a0c,2,20837199
182171b1248000000a0d,2,20875526
182171b1248000000a0e,2,20875545
182171b1248000000a10,2,20895926
182171b1248000000a11,2,20945615
182171b1248000000a13,2,20986832
182171b1248000000a14,2,20994909
182171b1248000000a17,2,20994944
182171b1248000000a18,2,20994945
182171b1248000000a19,2,20994972
182171b1248000000a1e,2,21018071
182171b1248000000a22,2,21031114
182171b1248000000a24,2,21125816
182171b1248000000a28,2,21151034
182171b1248000000a16,2,21475189
182171b1248000000a1b,2,21487030
182171b1248000000a1c,2,21519887
182171b1248000000a1d,2,21522789
182171b1248000000a20,2,21682510
182171b1248000000a25,2,21682512
182171b1248000000a26,2,21682517
182171b1248000000a29,2,21773511
182171b1248000000a2d,2,21942036
182171b1248000000a30,2,22143882
182171b1248000000a32,2,22205612
182171b1248000000a34,2,22224039
182171b1248000000a35,2,22231364
182171b1248000000a36,2,22249515
182171b1248000000a37,2,22249562
182171b1248000000a38,2,22266820
182171b1248000000a39,2,22320718
182171b1248000000a3a,2,22320782
182171b1248000000a3c,2,22320784
182171b1248000000a3d,2,22396749
182171b1248000000a41,2,22421241
182171b1248000000a42,2,22428808
182171b1248000000a45,2,22447167
182171b1248000000a49,2,22452769
182171b1248000000a4a,2,22476533
182171b1248000000a3b,2,22505363
182171b1248000000a3e,2,22529400
182171b1248000000a3f,2,22529459
182171b1248000000a43,2,22529496
182171b1248000000a44,2,22529531
182171b1248000000a47,2,22551861
182171b1248000000a4c,2,22554414
182171b1248000000a4d,2,22554469
182171b1248000000a4e,2,22554481
182171b1248000000a4f,2,22554488
182171b1248000000a50,2,22651773
182171b1248000000a55,2,22689353
182171b1248000000a57,2,22721938
182171b1248000000a58,2,22833492
182171b1248000000a5a,2,23101006
182171b1248000000a5d,2,23144152
182171b1248000000a5e,2,23155945
182171b1248000000a68,2,23227165
182171b1248000000a69,2,23405109
182171b1248000000a6a,2,23405145
182171b1248000000a6d,2,23483696
182171b1248000000a5f,2,23530230
182171b1248000000a60,2,23550111
182171b1248000000a61,2,23576721
182171b1248000000a67,2,23612047
182171b1248000000a6f,2,23650342
182171b1248000000a72,2,23654427
182171b1248000000a73,2,23687689
182171b1248000000a74,2,23687713
182171b1248000000a77,2,23737897
182171b1248000000a78,2,23761026
182171b1248000000a79,2,23780133
182171b1248000000a7a,2,23791178
182171b1248000000a7b,2,23825344
182171b1248000000a7d,2,23862000
182171b1248000000a7e,2,23889704
182171b1248000000a7f,2,23903156
182171b1248000000a80,2,23903175
182171b1248000000a8d,2,24020723
182171b1248000000a90,2,24020751
182171b1248000000a92,2,24022828
182171b1248000000a83,2,24055004
182171b1248000000a84,2,24056996
182171b1248000000a8a,2,24093794
182171b1248000000a8e,2,24128810
182171b1248000000a8f,2,24128836
182171b1248000000a96,2,24167336
182171b1248000000a98,2,24239998
182171b1248000000a99,2,24264115
182171b1248000000a9a,2,24264150
182171b1248000000a9b,2,24273905
182171b1248000000a9d,2,24273954
182171b1248000000a9f,2,24273977
182171b1248000000aa1,2,24273980
182171b1248000000aa3,2,24319443
182171b1248000000aa5,2,24474586
182171b1248000000aa7,2,24474587
182171b1248000000aa8,2,24490820
182171b1248000000aa9,2,24495288
182171b1248000000aae,2,24495348
182171b1248000000ab3,2,24532372
182171b1248000000ab4,2,24532385
182171b1248000000ab5,2,24537946
182171b1248000000abb,2,24563660
182171b1248000000aaa,2,24628618
182171b1248000000aab,2,24628639
182171b1248000000aac,2,24670249
182171b1248000000ab1,2,24715156
182171b1248000000ab9,2,24783841
182171b1248000000aba,2,24822524
182171b1248000000abc,2,24823714
182171b1248000000abf,2,24846642
182171b1248000000ac3,2,24914613
182171b1248000000ac5,2,24936236
182171b1248000000ac6,2,24983148
182171b1248000000ac7,2,25115868
182171b1248000000ac8,2,25142102
182171b1248000000ac9,2,25224275
182171b1248000000aca,2,25224296
182171b1248000000ace,2,25231234
182171b1248000000ad4,2,25231253
182171b1248000000ad8,2,25331921
182171b1248000000ad9,2,25331938
182171b1248000000ada,2,25377825
182171b1248000000adb,2,25377855
182171b1248000000acb,2,25377870
182171b1248000000ad1,2,25412623
182171b1248000000aee,2,25652996
182171b1248000000af5,2,25990579
182171b1248000000af9,2,26083457
182171b1248000000afd,2,26107271
182171b1248000000aff,2,26111385
182171b1248000000b04,2,26204021
182171b1248000000b09,2,26278701
182171b1248000000b15,2,26453706
182171b1248000000b1b,2,26468055
182171b1248000000b1d,2,26469788
182171b1248000000b1a,2,26662356
182171b1248000000b2a,2,26959550
182171b1248000000b2b,2,27080018
182171b1248000000b2e,2,27144346
182171b1248000000b2f,2,27164489
182171b1248000000b32,2,27438394
182171b1248000000b43,2,28172975
182171b1248000000b3f,2,28219978
182171b1248000000b46,2,28219991
182171b1248000000b52,2,28496965
182171b1248000000b5c,2,28700121
182171b1248000000b62,2,28935250
182171b1248000000b5f,2,29128335
182171b1248000000b61,2,29129439
182171b1248000000b6f,2,29268672
182171b1248000000b71,2,29272832
182171b1248000000b72,2,29304073
182171b1248000000b7d,2,29386688
182171b1248000000b7e,2,29421366
182171b1248000000b91,2,30024476
182171b1248000000b95,2,30119339
182171b1248000000b96,2,30132327
182171b1248000000b97,2,30132329
182171b1248000000b98,2,30202822
182171b1248000000b9d,2,30236319
182171b1248000000ba6,2,30433242
182171b1248000000bb5,2,30688378
182171b1248000000ba4,2,30694761
182171b1248000000bb2,2,30757527
182171b1248000000bb9,2,30998869
182171b1248000000bc5,2,31186622
182171b1248000000bd1,2,31266642
182171b1248000000bd5,2,31463837
182171b1248000000bdb,2,31509645
182171b1248000000bc2,2,31667783
182171b1248000000bc9,2,31692455
182171b1248000000bca,2,31694930
182171b1248000000bce,2,31711403
182171b1248000000bd8,2,31740109
182171b1248000000be6,2,31849696
182171b1248000000bea,2,31928825
182171b1248000000bec,2,31984502
182171b1248000000bf1,2,32104937
182171b1248000000bfc,2,32272882
182171b1248000000c02,2,32370859
182171b1248000000c0b,2,32556709
182171b1248000000c0e,2,32597919
182171b1248000000c15,2,32746508
182171b1248000000c1b,2,32875287
182171b1248000000c1d,2,32908878
182171b1248000000c20,2,32961450
182171b1248000000c21,2,32976716
182171b1248000000c2d,2,33297971
182171b1248000000c31,2,33397547
182171b1248000000c38,2,33461623
182171b1248000000c3a,2,33464991
182171b1248000000c3b,2,33465007
182171b1248000000c40,2,33465022
182171b1248000000c43,2,33465049
182171b1248000000c35,2,33498023
182171b1248000000c46,2,33671475
182171b1248000000c50,2,33806280
182171b1248000000c55,2,33891821
182171b1248000000c5f,2,34254573
182171b1248000000c68,2,34402870
182171b1248000000c6c,2,34446772
182171b1248000000c6d,2,34446781
182171b1248000000c6e,2,34446813
182171b1248000000c72,2,34463543
182171b1248000000c77,2,34480929
182171b1248000000c83,2,34605631
182171b1248000000c86,2,34669074
182171b1248000000c8a,2,34744937
182171b1248000000c8c,2,34745015
182171b1248000000c8d,2,34781783
182171b1248000000c8e,2,34781794
182171b1248000000c94,2,34868096
182171b1248000000c96,2,34889006
182171b1248000000c99,2,34889026
182171b1248000000ca1,2,34890763
182171b1248000000ca2,2,34896566
182171b1248000000ca4,2,34961815
182171b1248000000ca8,2,34994270
182171b1248000000cae,2,34994324
182171b1248000000cb3,2,35063283
182171b1248000000c9d,2,35070593
182171b1248000000c9e,2,35082167
182171b1248000000c9f,2,35082792
182171b1248000000ca0,2,35089006
182171b1248000000ca5,2,35100127
182171b1248000000ca6,2,35100138
182171b1248000000ca7,2,35100541
182171b1248000000ca9,2,35100543
182171b1248000000cab,2,35115316
182171b1248000000cad,2,35115333
182171b1248000000caf,2,35115334
182171b1248000000cb2,2,35115337
182171b1248000000cb4,2,35115340
182171b1248000000cb5,2,35115361
182171b1248000000cb7,2,35135444
182171b1248000000cba,2,35158852
182171b1248000000cbc,2,35208883
182171b1248000000cbe,2,35267249
182171b1248000000cc0,2,35355931
182171b1248000000cc3,2,35357764
182171b1248000000ccb,2,35534684
182171b1248000000ccf,2,35591804
182171b1248000000cd4,2,35749765
182171b1248000000cda,3,205765
182171b1248000000ce0,3,241041
182171b1248000000ce7,3,249589
182171b1248000000ce9,3,412807
182171b1248000000cef,3,474991
182171b1248000000ce4,3,540029
182171b1248000000cf8,3,703829
182171b1248000000cff,3,774624
182171b1248000000d02,3,795214
182171b1248000000d04,3,854024
182171b1248000000d0a,3,861488
182171b1248000000d13,3,980337
182171b1248000000d14,3,1054637
182171b1248000000d15,3,1114383
182171b1248000000d1a,3,1143296
182171b1248000000d23,3,1248025
182171b1248000000d25,3,1248121
182171b1248000000d26,3,1248128
182171b1248000000d27,3,1248149
182171b1248000000d28,3,1248156
182171b1248000000d29,3,1248167
182171b1248000000d33,3,1356326
182171b1248000000d35,3,1359713
182171b1248000000d37,3,1394010
182171b1248000000d45,3,1486602
182171b1248000000d49,3,1486901
182171b1248000000d2b,3,1502482
182171b1248000000d2c,3,1502500
182171b1248000000d2d,3,1504656
182171b1248000000d30,3,1504686
182171b1248000000d3d,3,1576382
182171b1248000000d3f,3,1576422
182171b1248000000d43,3,1662089
182171b1248000000d48,3,1675997
182171b1248000000d4f,3,1747152
182171b1248000000d5d,3,1953292
182171b1248000000d57,3,2085611
182171b1248000000d5c,3,2118803
182171b1248000000d5f,3,2188677
182171b1248000000d63,3,2188740
182171b1248000000d69,3,2390346
182171b1248000000d72,3,2712301
182171b1248000000d74,3,2729944
182171b1248000000d76,3,2729971
182171b1248000000d7d,3,3007502
182171b1248000000d81,3,3066416
182171b1248000000d84,3,3066496
182171b1248000000d7e,3,3175084
182171b1248000000d80,3,3181490
182171b1248000000d85,3,3181494
182171b1248000000d88,3,3260299
182171b1248000000d8c,3,3267114
182171b1248000000d8d,3,3267536
182171b1248000000da9,3,3820254
182171b1248000000d99,3,3830465
182171b1248000000d9e,3,3838516
182171b1248000000da5,3,3852609
182171b1248000000daa,3,3958193
182171b1248000000dab,3,3971957
182171b1248000000db3,3,3993323
182171b1248000000db4,3,4043280
182171b1248000000dba,3,4384305
182171b1248000000dbb,3,4384320
182171b1248000000dbc,3,4384344
182171b1248000000dc0,3,4427018
182171b1248000000dd3,3,4687823
182171b1248000000dc1,3,4777677
182171b1248000000dd5,3,4903691
182171b1248000000ddd,3,5343806
182171b1248000000ddf,3,5406735
182171b1248000000de0,3,5407167
182171b1248000000de1,3,5519921
182171b1248000000dea,3,5630544
182171b1248000000de9,3,5909053
182171b1248000000dfa,3,5982352
182171b1248000000e08,3,6252981
182171b1248000000e0f,3,6395113
182171b1248000000e1b,3,6770124
182171b1248000000e03,3,6793426
182171b1248000000e18,3,6898830
182171b1248000000e21,3,6992520
182171b1248000000e37,3,7337272
182171b1248000000e2d,3,7443766
182171b1248000000e2e,3,7474439
182171b1248000000e30,3,7558969
182171b1248000000e34,3,7578474
182171b1248000000e38,3,7691232
182171b1248000000e3f,3,7787596
182171b1248000000e40,3,7818603
182171b1248000000e43,3,7880295
182171b1248000000e48,3,7952492
182171b1248000000e4a,3,8005742
182171b1248000000e52,3,8364910
182171b1248000000e64,3,8638366
182171b1248000000e75,3,8939970
182171b1248000000e81,3,9070043
182171b1248000000e88,3,9179221
182171b1248000000e7b,3,9363022
182171b1248000000e7f,3,9515749
182171b1248000000e84,3,9549557
182171b1248000000e86,3,9719477
182171b1248000000e8b,3,9754515
182171b1248000000e8f,3,9892767
182171b1248000000ea0,3,10238722
182171b1248000000e93,3,10298883
182171b1248000000e9f,3,10383329
182171b1248000000ea1,3,10396527
182171b1248000000ea8,3,10429493
182171b1248000000eaa,3,10487843
182171b1248000000eab,3,10487875
182171b1248000000eac,3,10487883
182171b1248000000eae,3,10504374
182171b1248000000eaf,3,10511193
182171b1248000000eb4,3,10685835
182171b1248000000eb5,3,10687287
182171b1248000000eb6,3,10710153
182171b1248000000ebd,3,10820700
182171b1248000000ec2,3,10822123
182171b1248000000ec5,3,10830640
182171b1248000000ec6,3,10830656
182171b1248000000eba,3,10830687
182171b1248000000ebf,3,10889706
182171b1248000000ec0,3,10896274
182171b1248000000eca,3,11173168
182171b1248000000ecc,3,11183993
182171b1248000000ece,3,11289413
182171b1248000000ecf,3,11330572
182171b1248000000ed3,3,11350040
182171b1248000000ed4,3,11352714
182171b1248000000ed6,3,11360142
182171b1248000000ed8,3,11490491
182171b1248000000ed9,3,11490522
182171b1248000000edb,3,11490542
182171b1248000000edd,3,11663408
182171b1248000000ee2,3,11862496
182171b1248000000ef1,3,12267375
182171b1248000000ef2,3,12267392
182171b1248000000ef4,3,12267426
182171b1248000000ef5,3,12393596
182171b1248000000ef6,3,12417425
182171b1248000000ef9,3,12537442
182171b1248000000efa,3,12548747
182171b1248000000efb,3,12588104
182171b1248000000efc,3,12611389
182171b1248000000efd,3,12611423
182171b1248000000efe,3,12613885
182171b1248000000eff,3,12613918
182171b1248000000f00,3,12613936
182171b1248000000f0a,3,12766747
182171b1248000000f12,3,12875577
182171b1248000000f15,3,13000979
182171b1248000000f02,3,13020646
182171b1248000000f0c,3,13258850
182171b1248000000f0d,3,13299703
182171b1248000000f0e,3,13299852
182171b1248000000f0f,3,13599489
182171b1248000000f18,3,13942848
182171b1248000000f1b,3,14017158
182171b1248000000f24,3,14225538
182171b1248000000f2f,3,14425566
182171b1248000000f30,3,14601694
182171b1248000000f3f,3,14750018
182171b1248000000f40,3,14813745
182171b1248000000f41,3,14813816
182171b1248000000f42,3,14852507
182171b1248000000f45,3,15001183
182171b1248000000f4c,3,15033785
182171b1248000000f4e,3,15125405
182171b1248000000f4f,3,15208617
182171b1248000000f50,3,15208643
182171b1248000000f53,3,15216008
182171b1248000000f55,3,15216038
182171b1248000000f57,3,15290309
182171b1248000000f59,3,15332160
182171b1248000000f4b,3,15414422
182171b1248000000f4d,3,15426715
182171b1248000000f52,3,15457285
182171b1248000000f56,3,15476592
182171b1248000000f58,3,15476617
182171b1248000000f5a,3,15499179
182171b1248000000f5c,3,15505558
182171b1248000000f5d,3,15553142
182171b1248000000f5f,3,15649853
182171b1248000000f60,3,15664932
182171b1248000000f61,3,15664947
182171b1248000000f63,3,15719398
182171b1248000000f64,3,15728599
182171b1248000000f65,3,15735902
182171b1248000000f67,3,15792365
182171b1248000000f6e,3,15826111
182171b1248000000f6f,3,15864307
182171b1248000000f71,3,15926066
182171b1248000000f73,3,15936974
182171b1248000000f75,3,15970481
182171b1248000000f77,3,16039743
182171b1248000000f78,3,16073943
182171b1248000000f7a,3,16076230
182171b1248000000f7c,3,16109730
182171b1248000000f80,3,16175696
182171b1248000000f82,3,16175848
182171b1248000000f69,3,16202852
182171b1248000000f70,3,16223731
182171b1248000000f74,3,16367731
182171b1248000000f76,3,16383139
182171b1248000000f7f,3,16551973
182171b1248000000f83,3,16586363
182171b1248000000f85,3,16645599
182171b1248000000f86,3,16648327
182171b1248000000f9a,3,17259868
182171b1248000000fa9,3,17490521
182171b1248000000fad,3,17531453
182171b1248000000f90,3,17531508
182171b1248000000f91,3,17566737
182171b1248000000f93,3,17571662
182171b1248000000f94,3,17672266
182171b1248000000f95,3,17672280
182171b1248000000f98,3,17682494
182171b1248000000f9c,3,17703586
182171b1248000000f9f,3,17704878
182171b1248000000fa1,3,17811768
182171b1248000000fa2,3,17873859
182171b1248000000fa3,3,17917475
182171b1248000000fa4,3,17917477
182171b1248000000fa5,3,17917505
182171b1248000000fa8,3,17917508
182171b1248000000faf,3,18036029
182171b1248000000fb2,3,18215138
182171b1248000000fb3,3,18482761
182171b1248000000fb5,3,18542142
182171b1248000000fb8,3,18727716
182171b1248000000fba,3,18934966
182171b1248000000fc1,3,19005709
182171b1248000000fc2,3,19005733
182171b1248000000fc3,3,19128841
182171b1248000000fc4,3,19243554
182171b1248000000fc5,3,19251686
182171b1248000000fc6,3,19251808
182171b1248000000fbc,3,19461419
182171b1248000000fbe,3,20012646
182171b1248000000fbf,3,20012671
182171b1248000000fc0,3,20012695
182171b1248000000fc7,3,20012717
182171b1248000000fc8,3,20012748
182171b1248000000fc9,3,20030957
182171b1248000000fca,3,20030966
182171b1248000000fcb,3,20030982
182171b1248000000fcc,3,20031035
182171b1248000000fcd,3,20032736
182171b1248000000fce,3,20032832
182171b1248000000fcf,3,20032903
182171b1248000000fd2,3,20188902
182171b1248000000fd4,3,20266716
182171b1248000000fd5,3,20380188
182171b1248000000fd7,3,20417134
182171b1248000000fdc,3,20559435
182171b1248000000fdd,3,20585381
182171b1248000000fdf,3,20885577
182171b1248000000fe4,3,20908260
182171b1248000000fe5,3,20908261
182171b1248000000fe7,3,20908312
182171b1248000000ff0,3,20908330
182171b1248000000fdb,3,21150613
182171b1248000000fe0,3,21179617
182171b1248000000fe1,3,21203413
182171b1248000000fee,3,21316115
182171b1248000000ff9,3,22115182
182171b1248000000ffa,3,22115184
182171b1248000000ffc,3,22226370
182171b1248000000ffe,3,22266524
182171b1248000001005,3,22377198
182171b124800000100d,3,22854190
182171b1248000001016,3,22980257
182171b124800000101b,3,23342030
182171b124800000101f,3,23369813
182171b1248000001028,3,23491821
182171b1248000001032,3,23533483
182171b1248000001039,3,23715727
182171b1248000001033,3,24178137
182171b124800000103c,3,24432400
182171b1248000001041,3,24558564
182171b124800000104d,3,24806961
182171b1248000001059,3,24992657
182171b1248000001048,3,25035865
182171b1248000001049,3,25049491
182171b124800000105e,3,25318850
182171b1248000001062,3,25577692
182171b1248000001065,3,25826302
182171b1248000001078,3,26546279
182171b1248000001071,3,26664900
182171b1248000001079,3,26742105
182171b124800000107a,3,26885685
182171b124800000107b,3,26886002
182171b1248000001083,3,26972559
182171b1248000001084,3,26982637
182171b1248000001088,3,26982763
182171b1248000001089,3,27001604
182171b124800000108d,3,27032388
182171b124800000108e,3,27057257
182171b124800000108c,3,27429552
182171b1248000001091,3,27469445
182171b1248000001092,3,27469484
182171b1248000001093,3,27506644
182171b124800000109e,3,27512873
182171b12480000010a0,3,27514322
182171b12480000010a1,3,27516811
182171b12480000010a2,3,27542451
182171b12480000010a5,3,27681028
182171b12480000010a6,3,27705856
182171b12480000010a7,3,27742143
182171b12480000010a8,3,27744501
182171b12480000010a9,3,27744513
182171b12480000010ab,3,27809804
182171b12480000010af,3,27917129
182171b12480000010b5,3,27921450
182171b12480000010bd,3,28024943
182171b12480000010c8,3,28142692
182171b12480000010c9,3,28145219
182171b12480000010cb,3,28178657
182171b12480000010cc,3,28179401
182171b12480000010cd,3,28242104
182171b12480000010b1,3,28260539
182171b12480000010b2,3,28322251
182171b12480000010b3,3,28322327
182171b12480000010b6,3,28375718
182171b12480000010b7,3,28375723
182171b12480000010b8,3,28378928
182171b12480000010ba,3,28378938
182171b12480000010bb,3,28379003
182171b12480000010bc,3,28386700
182171b12480000010bf,3,28392725
182171b12480000010c0,3,28397693
182171b12480000010c1,3,28398636
182171b12480000010c2,3,28475589
182171b12480000010c5,3,28624459
182171b12480000010cf,3,28749343
182171b12480000010d1,3,28749376
182171b12480000010e1,3,29064674
182171b12480000010e2,3,29069647
182171b12480000010e5,3,29111123
182171b12480000010ea,3,29148636
182171b12480000010d6,3,29159631
182171b12480000010d7,3,29168420
182171b12480000010dc,3,29173698
182171b12480000010df,3,29235377
182171b12480000010e3,3,29253439
182171b12480000010ec,3,29575073
182171b12480000010ed,3,29588770
182171b12480000010ef,3,29719292
182171b12480000010f5,3,29756639
182171b1248000001102,3,30253323
182171b1248000001104,3,30278036
182171b124800000111a,3,30516176
182171b124800000111c,3,30603902
182171b1248000001130,3,30877544
182171b1248000001121,3,30925933
182171b124800000112b,3,31042087
182171b1248000001138,3,31372721
182171b124800000113d,3,31505126
182171b1248000001140,3,31532535
182171b1248000001143,3,31557601
182171b1248000001148,3,31557721
182171b124800000114c,3,31565334
182171b124800000114e,3,31581590
182171b1248000001159,3,31760489
182171b124800000115b,3,31760558
182171b124800000115d,3,31791925
182171b124800000113e,3,31803423
182171b1248000001141,3,31899586
182171b1248000001142,3,31931092
182171b1248000001145,3,31944680
182171b124800000114a,3,31973158
182171b124800000114d,3,31973166
182171b124800000114f,3,31973243
182171b1248000001150,3,31978818
182171b1248000001155,3,31994971
182171b124800000115c,3,32002881
182171b1248000001160,3,32058730
182171b1248000001161,3,32058736
182171b1248000001162,3,32094919
182171b1248000001163,3,32107707
182171b1248000001164,3,32107715
182171b1248000001166,3,32108258
182171b1248000001167,3,32108708
182171b1248000001168,3,32129434
182171b124800000116a,3,32168605
182171b124800000116d,3,32177485
182171b1248000001172,3,32293031
182171b1248000001173,3,32293046
182171b124800000117a,3,32392939
182171b124800000116c,3,32582385
182171b124800000116e,3,32597336
182171b124800000116f,3,32598341
182171b1248000001178,3,32784099
182171b1248000001179,3,32814723
182171b124800000117e,3,32969115
182171b1248000001180,3,32969176
182171b1248000001186,3,33060909
182171b1248000001188,3,33130844
182171b1248000001197,3,33162268
182171b124800000119b,3,33235628
182171b124800000119f,3,33237772
182171b124800000119c,3,33733501
182171b12480000011a6,3,33831226
182171b12480000011ab,3,33984472
182171b12480000011b0,3,34361719
182171b12480000011b6,3,34415778
182171b12480000011b9,3,34420712
182171b12480000011bf,3,34420751
182171b12480000011c3,3,34508378
182171b12480000011c4,3,34533639
182171b12480000011c8,3,34620959
182171b12480000011ce,3,34677333
182171b12480000011d2,3,34825327
182171b12480000011d3,3,34862870
182171b12480000011d4,3,34862905
182171b12480000011e4,3,34881688
182171b12480000011eb,3,34967633
182171b12480000011f0,3,35252655
182171b12480000011fd,3,35270520
182171b12480000011fe,3,35288068
182171b1248000001200,3,35289642
182171b12480000011f5,3,35323455
182171b12480000011f9,3,35351453
182171b12480000011ff,3,35351461
182171b1248000001201,3,35351471
182171b1248000001203,3,35351475
182171b1248000001208,3,35392155
182171b1248000001209,3,35445162
182171b124800000120a,3,35445199
182171b124800000120d,3,35628356
182171b124800000120e,3,35650563
182171b1248000001212,3,35694613
182171b1248000001214,3,35694673
182171b1248000001215,3,35694674
182171b1248000001216,3,35694675
182171b1248000001217,3,35694679
182171b124800000121a,3,35696439
182171b124800000121c,3,35762113
182171b1248000001226,3,35828763
182171b1248000001228,3,35833267
182171b124800000122e,3,35904535
182171b1248000001218,3,35918059
182171b1248000001219,3,35983269
182171b124800000121f,3,35997677
182171b1248000001221,3,36086168
182171b124800000122d,3,36141692
182171b1248000001235,3,36326309
182171b1248000001239,4,243214
182171b124800000124b,4,436715
182171b1248000001254,4,967556
182171b1248000001263,4,1257109
182171b1248000001267,4,1282233
182171b124800000126c,4,1282268
182171b1248000001271,4,1720519
182171b1248000001273,4,1741378
182171b1248000001274,4,1741381
182171b1248000001278,4,1743726
182171b1248000001279,4,1743727
182171b124800000127d,4,1756362
182171b1248000001282,4,1819002
182171b1248000001283,4,1819109
182171b1248000001286,4,1819131
182171b1248000001288,4,1843812
182171b1248000001289,4,1913737
182171b124800000128a,4,1913743
182171b124800000128e,4,1914838
182171b1248000001291,4,1982000
182171b1248000001293,4,1993057
182171b1248000001295,4,2027787
182171b1248000001297,4,2031785
182171b124800000128f,4,2445151
182171b1248000001292,4,2445155
182171b1248000001294,4,2445171
182171b124800000129c,4,2510824
182171b124800000129e,4,2521359
182171b124800000129f,4,2535855
182171b12480000012a0,4,2535935
182171b12480000012a2,4,2782111
182171b12480000012a3,4,2802282
182171b12480000012aa,4,2911435
182171b12480000012ab,4,2911459
182171b12480000012ac,4,2913502
182171b12480000012ae,4,3568493
182171b12480000012b2,4,3589182
182171b12480000012b4,4,3589189
182171b12480000012bb,4,3589214
182171b12480000012b0,4,4169797
182171b12480000012b9,4,4352401
182171b12480000012bc,4,4361855
182171b12480000012bd,4,4401699
182171b12480000012bf,4,4406661
182171b12480000012c1,4,4449445
182171b12480000012c2,4,4449481
182171b12480000012c3,4,4449483
182171b12480000012c4,4,4449515
182171b12480000012c5,4,4449537
182171b12480000012c6,4,4449540
182171b12480000012c8,4,4547856
182171b12480000012c9,4,4587662
182171b12480000012cc,4,4587682
182171b12480000012cd,4,4588939
182171b12480000012cf,4,4588987
182171b12480000012d4,4,4637729
182171b12480000012d8,4,4637805
182171b12480000012da,4,4637816
182171b12480000012de,4,4647855
182171b12480000012df,4,4675852
182171b12480000012e1,4,4744322
182171b12480000012e3,4,4764021
182171b12480000012ca,4,4764023
182171b12480000012ce,4,4764096
182171b12480000012dc,4,5147619
182171b12480000012e0,4,5147672
182171b12480000012e5,4,5213442
182171b12480000012e6,4,5216450
182171b12480000012e7,4,5256826
182171b12480000012e8,4,5258230
182171b12480000012e9,4,5296429
182171b12480000012eb,4,5296534
182171b12480000012f3,4,5325868
182171b12480000012f5,4,5473285
182171b12480000012fc,4,5539640
182171b12480000012fe,4,5539666
182171b1248000001300,4,5539676
182171b1248000001305,4,5566303
182171b1248000001306,4,5566362
182171b1248000001307,4,5659518
182171b1248000001308,4,5704731
182171b124800000130a,4,5806811
182171b124800000130b,4,5810180
182171b124800000130c,4,5846322
182171b12480000012ee,4,5863816
182171b12480000012ef,4,5867092
182171b12480000012f0,4,5867093
182171b12480000012f1,4,5867116
182171b12480000012f2,4,5867125
182171b12480000012f6,4,5867144
182171b12480000012f7,4,5928850
182171b12480000012f8,4,5996432
182171b12480000012f9,4,5996439
182171b12480000012fa,4,5996463
182171b12480000012fb,4,5996472
182171b12480000012fd,4,6052888
182171b1248000001302,4,6090743
182171b1248000001309,4,6098434
182171b124800000130f,4,6193186
182171b1248000001311,4,6252619
182171b1248000001312,4,6255390
182171b1248000001313,4,6255395
182171b1248000001314,4,6255427
182171b1248000001316,4,6256077
182171b1248000001319,4,6323414
182171b124800000131e,4,6323416
182171b1248000001327,4,6372624
182171b1248000001315,4,6441681
182171b1248000001317,4,6441685
182171b1248000001326,4,6916769
182171b1248000001328,4,6925062
182171b124800000132b,4,6925085
182171b124800000132d,4,6925097
182171b124800000132e,4,6939063
182171b1248000001336,4,7167719
182171b124800000133d,4,7318178
182171b124800000133e,4,7357860
182171b1248000001340,4,7357906
182171b124800000134a,4,7874899
182171b124800000134c,4,7978563
182171b1248000001339,4,8041282
182171b124800000133f,4,8041298
182171b1248000001343,4,8064290
182171b1248000001345,4,8070065
182171b1248000001346,4,8070147
182171b1248000001347,4,8150066
182171b1248000001348,4,8150098
182171b1248000001349,4,8150103
182171b124800000134b,4,8239472
182171b1248000001351,4,8510892
182171b1248000001358,4,8717988
182171b1248000001359,4,8771842
182171b124800000135c,4,9300108
182171b124800000135d,4,9317475
182171b1248000001361,4,9374706
182171b1248000001365,4,9377722
182171b1248000001369,4,9392529
182171b124800000136c,4,9715372
182171b1248000001360,4,10032830
182171b1248000001366,4,10748031
182171b1248000001372,4,11236326
182171b1248000001376,4,11450575
182171b1248000001379,4,11463190
182171b124800000137f,4,11516703
182171b1248000001383,4,11577394
182171b1248000001386,4,11644986
182171b1248000001392,4,11917952
182171b1248000001395,4,11918087
182171b1248000001388,4,12046470
182171b124800000138e,4,12047086
182171b124800000138f,4,12248936
182171b1248000001390,4,12282149
182171b1248000001393,4,12282260
182171b1248000001399,4,12399972
182171b12480000013a4,4,12647946
182171b12480000013b3,4,12725027
182171b12480000013ae,4,13231969
182171b12480000013b0,4,13285507
182171b12480000013be,4,13583372
182171b12480000013c0,4,13674371
182171b12480000013cf,4,14155264
182171b12480000013de,4,14180573
182171b12480000013c7,4,14200771
182171b12480000013cd,4,14209477
182171b12480000013d4,4,14666941
182171b12480000013d7,4,14731007
182171b12480000013df,4,15050514
182171b12480000013e3,4,15886844
182171b12480000013e4,4,15888685
182171b12480000013e6,4,15942777
182171b12480000013eb,4,15957742
182171b12480000013ee,4,15975649
182171b12480000013ef,4,16003331
182171b12480000013f4,4,16004183
182171b12480000013f7,4,16103420
182171b12480000013f9,4,16103421
182171b12480000013fb,4,16103441
182171b12480000013fd,4,16152052
182171b12480000013f2,4,16164630
182171b12480000013f3,4,16174573
182171b12480000013f8,4,16174614
182171b12480000013fa,4,16219291
182171b12480000013fe,4,16219337
182171b12480000013ff,4,16285813
182171b1248000001400,4,16404325
182171b1248000001401,4,16404333
182171b1248000001402,4,16520417
182171b1248000001403,4,16544483
182171b1248000001404,4,16544486
182171b1248000001405,4,16544490
182171b1248000001406,4,16545877
182171b1248000001409,4,16586118
182171b124800000140a,4,16586281
182171b124800000140b,4,16592930
182171b124800000140c,4,16599393
182171b124800000140d,4,16612169
182171b124800000140e,4,16637065
182171b1248000001410,4,17577583
182171b1248000001411,4,17592094
182171b1248000001413,4,17609198
182171b1248000001415,4,17658482
182171b1248000001419,4,17658489
182171b124800000141b,4,17659405
182171b1248000001420,4,17680924
182171b1248000001431,4,17907558
182171b124800000143f,4,18014741
182171b1248000001441,4,18014771
182171b124800000144b,4,18026239
182171b124800000144f,4,18139044
182171b1248000001451,4,18215032
182171b1248000001435,4,18215053
182171b1248000001436,4,18215458
182171b1248000001447,4,18397138
182171b1248000001454,4,18470859
182171b1248000001458,4,18470916
182171b1248000001465,4,18530108
182171b124800000145b,4,18680458
182171b124800000145f,4,18680518
182171b1248000001471,4,18933002
182171b1248000001477,4,19127439
182171b124800000147c,4,19284497
182171b1248000001492,4,19678462
182171b124800000148b,4,19915283
182171b124800000148d,4,19936334
182171b124800000148e,4,19936382
182171b1248000001495,4,19967210
182171b124800000149c,4,20238643
182171b12480000014ad,4,20415079
182171b12480000014ba,4,20479009
182171b12480000014a5,4,20516133
182171b12480000014a7,4,20519731
182171b12480000014a8,4,20546350
182171b12480000014ae,4,20590965
182171b12480000014b2,4,20604937
182171b12480000014b3,4,20637968
182171b12480000014ce,4,20863829
182171b12480000014ca,4,21067208
182171b12480000014cf,4,21076179
182171b12480000014d6,4,21164901
182171b12480000014e3,4,21366345
182171b12480000014ea,4,21518167
182171b12480000014f0,4,21535179
182171b124800000150c,4,22120242
182171b1248000001512,4,22173675
182171b1248000001520,4,22357088
182171b1248000001516,4,22428384
182171b124800000151a,4,22512508
182171b124800000151f,4,22512542
182171b1248000001521,4,22611147
182171b1248000001524,4,22641150
182171b1248000001525,4,22811292
182171b1248000001539,4,23593855
182171b1248000001547,4,23771913
182171b124800000153d,4,23959462
182171b124800000154f,4,24084220
182171b124800000155b,4,24382335
182171b1248000001563,4,24531543
182171b1248000001564,4,24639411
182171b124800000157a,4,25002788
182171b124800000157c,4,25040471
182171b1248000001583,4,25567918
182171b1248000001585,4,25887349
182171b1248000001589,4,26304629
182171b124800000158b,4,26304631
182171b124800000158a,4,27380432
182171b1248000001593,4,27459679
182171b1248000001595,4,27489287
182171b1248000001596,4,27496755
182171b12480000015a6,4,27836391
182171b12480000015ae,4,27856510
182171b12480000015b0,4,27864846
182171b124800000159d,4,27876356
182171b12480000015a1,4,27886096
182171b12480000015b7,4,28389178
182171b12480000015c2,4,28575685
182171b12480000015c9,4,28832871
182171b12480000015d6,4,28912160
182171b12480000015da,4,29112085
182171b12480000015db,4,29145197
182171b12480000015dd,4,29150893
182171b12480000015e2,4,29155357
182171b12480000015e4,4,29155457
182171b12480000015e9,4,29340031
182171b12480000015ed,4,29390628
182171b1248000001601,4,29659192
182171b1248000001606,4,29775416
182171b124800000160b,4,29806199
182171b12480000015f7,4,29832522
182171b1248000001602,4,29940846
182171b1248000001604,4,29959768
182171b1248000001607,4,29967027
182171b1248000001608,4,29969421
182171b124800000160a,4,29992369
182171b124800000160e,4,30000663
182171b1248000001614,4,30106240
182171b124800000161c,4,30186421
182171b1248000001620,4,30321715
182171b1248000001621,4,30366149
182171b1248000001629,4,30453380
182171b124800000162e,4,30463901
182171b1248000001632,4,30552063
182171b1248000001637,4,30741959
182171b1248000001639,4,30790171
182171b124800000163d,4,31030699
182171b124800000163e,4,31030709
182171b124800000164e,4,31151753
182171b1248000001654,4,31276892
182171b124800000165a,4,31341678
182171b1248000001662,4,31387321
182171b124800000166c,4,31391753
182171b1248000001671,4,31391862
182171b1248000001675,4,31401543
182171b1248000001676,4,31409979
182171b1248000001677,4,31420331
182171b124800000167b,4,31455016
182171b1248000001685,4,31466212
182171b124800000165f,4,31493796
182171b1248000001660,4,31493805
182171b1248000001661,4,31495396
182171b1248000001663,4,31495399
182171b1248000001667,4,31512030
182171b1248000001672,4,31583377
182171b1248000001678,4,31670375
182171b124800000167a,4,31671761
182171b1248000001680,4,31685961
182171b1248000001688,4,31744351
182171b124800000168b,4,31757436
182171b124800000168c,4,31768960
182171b124800000168f,4,31775793
182171b1248000001691,4,31775829
182171b1248000001692,4,31781379
182171b1248000001698,4,31934059
182171b12480000016a4,4,32144497
182171b12480000016a6,4,32144675
182171b12480000016a9,4,32175407
182171b12480000016a5,4,32335263
182171b12480000016af,4,32377273
182171b12480000016bf,4,32599716
182171b12480000016c0,4,32602865
182171b12480000016c5,4,32635900
182171b12480000016c7,4,32699801
182171b12480000016c9,4,32735493
182171b12480000016ca,4,32770704
182171b12480000016cb,4,32806095
182171b12480000016d1,4,32813266
182171b12480000016d3,4,32931866
182171b12480000016bd,4,33061284
182171b12480000016be,4,33113512
182171b12480000016d4,4,33309174
182171b12480000016df,4,33612430
182171b12480000016e1,4,33623623
182171b12480000016e2,4,33694436
182171b12480000016e6,4,33712973
182171b12480000016e7,4,33712976
182171b12480000016e8,4,33713014
182171b12480000016eb,4,33744468
182171b12480000016ec,4,33744475
182171b12480000016ed,4,33745395
182171b12480000016f2,4,33757782
182171b12480000016f6,4,33757791
182171b12480000016f7,4,33804297
182171b12480000016e0,4,33821858
182171b12480000016e4,4,33946692
182171b12480000016e5,4,34241438
182171b12480000016ef,4,34266900
182171b12480000016fa,4,34323780
182171b1248000001703,4,34449088
182171b1248000001708,4,34449108
182171b1248000001709,4,34450006
182171b1248000001717,4,34610169
182171b1248000001718,4,34724035
182171b1248000001719,4,34727754
182171b1248000001704,4,34779335
182171b124800000170b,4,34794886
182171b124800000170c,4,34796164
182171b1248000001713,4,34860041
182171b124800000171c,4,35034708
182171b1248000001730,5,165229
182171b1248000001735,5,165247
182171b124800000173d,5,259181
182171b124800000172c,5,419897
182171b1248000001733,5,434996
182171b1248000001736,5,449556
182171b124800000173a,5,500898
182171b124800000173c,5,554815
182171b124800000173e,5,566715
182171b1248000001749,5,659542
182171b124800000174b,5,686983
182171b124800000174f,5,693008
182171b1248000001750,5,693009
182171b124800000175e,5,760185
182171b124800000175b,5,801062
182171b1248000001761,5,882046
182171b1248000001762,5,882053
182171b1248000001763,5,882064
182171b1248000001765,5,949547
182171b124800000176e,5,1086469
182171b1248000001770,5,1086486
182171b1248000001771,5,1117091
182171b1248000001782,5,1243064
182171b1248000001775,5,1400427
182171b124800000177a,5,1471529
182171b124800000177f,5,1570174
182171b1248000001780,5,1702167
182171b1248000001784,5,1830893
182171b1248000001787,5,1858012
182171b124800000178d,5,1918757
182171b124800000178e,5,1970436
182171b124800000178f,5,1970446
182171b1248000001790,5,2009782
182171b1248000001791,5,2009822
182171b1248000001793,5,2050505
182171b1248000001799,5,2064365
182171b124800000179e,5,2064403
182171b124800000179d,5,2285759
182171b12480000017aa,5,2591500
182171b12480000017ac,5,2591533
182171b12480000017bf,5,2774061
182171b12480000017c3,5,2774124
182171b12480000017cb,5,2993493
182171b12480000017d4,5,3066190
182171b12480000017b8,5,3082506
182171b12480000017c6,5,3121465
182171b12480000017ce,5,3151493
182171b12480000017cf,5,3162715
182171b12480000017d8,5,3328348
182171b12480000017dc,5,3539442
182171b12480000017e0,5,3619555
182171b12480000017e1,5,3646227
182171b12480000017e3,5,3646245
182171b12480000017e4,5,3648173
182171b12480000017eb,5,3856876
182171b12480000017df,5,4266284
182171b12480000017e2,5,4561218
182171b12480000017e6,5,4626309
182171b12480000017e8,5,4626316
182171b1248000001805,5,5422292
182171b124800000180f,5,5764603
182171b1248000001811,5,5804144
182171b1248000001804,5,5864234
182171b124800000180e,5,5923021
182171b1248000001813,5,5999226
182171b1248000001815,5,6016593
182171b1248000001816,5,6016614
182171b1248000001817,5,6016630
182171b124800000181e,5,6238402
182171b124800000181f,5,6254121
182171b1248000001822,5,6371866
182171b1248000001824,5,6371882
182171b1248000001825,5,6373785
182171b124800000182b,5,6458304
182171b1248000001833,5,6531726
182171b1248000001834,5,6531795
182171b1248000001835,5,6545849
182171b1248000001836,5,6582222
182171b124800000183b,5,6697677
182171b1248000001832,5,7087915
182171b124800000183c,5,7209296
182171b124800000183d,5,7209324
182171b1248000001851,5,8005718
182171b1248000001855,5,8015214
182171b1248000001857,5,8137852
182171b1248000001864,5,8448064
182171b124800000186b,5,8754108
182171b124800000187e,5,13378621
182171b1248000001880,5,13644666
182171b1248000001872,5,13774769
182171b1248000001881,5,14162518
182171b1248000001882,5,14194720
182171b1248000001883,5,14194756
182171b1248000001887,5,14246104
182171b1248000001889,5,14470396
182171b124800000188b,5,14718548
182171b124800000188f,5,14853724
182171b1248000001890,5,14853760
182171b1248000001891,5,14853815
182171b1248000001893,5,14853876
182171b1248000001894,5,14993574
182171b1248000001895,5,14993605
182171b1248000001896,5,15023350
182171b1248000001897,5,15045144
182171b1248000001898,5,15045159
182171b1248000001899,5,15045160
182171b12480000018b7,5,15519093
182171b12480000018b8,5,15587006
182171b12480000018b9,5,15587597
182171b12480000018ba,5,15686331
182171b12480000018bd,5,15768768
182171b12480000018bf,5,15878631
182171b12480000018a1,5,16020843
182171b12480000018a4,5,16186082
182171b12480000018a5,5,16205933
182171b12480000018a6,5,16205965
182171b12480000018a7,5,16206084
182171b12480000018b1,5,16701084
182171b12480000018c0,5,17134265
182171b12480000018c2,5,17134278
182171b12480000018c3,5,17161790
182171b12480000018c4,5,17177005
182171b12480000018c6,5,17204333
182171b12480000018c7,5,17204410
182171b12480000018ce,5,17204426
182171b12480000018d0,5,17295418
182171b12480000018d4,5,17305311
182171b12480000018d5,5,17310504
182171b12480000018d6,5,17310506
182171b12480000018d8,5,17340729
182171b12480000018d9,5,17340753
182171b12480000018db,5,17370190
182171b12480000018dd,5,17378525
182171b12480000018cc,5,17595094
182171b12480000018cd,5,17639174
182171b12480000018df,5,18005738
182171b12480000018e4,5,18182171
182171b12480000018ea,5,18317656
182171b12480000018f1,5,18334061
182171b12480000018f0,5,18444813
182171b12480000018fa,5,18628463
182171b1248000001909,5,18913743
182171b124800000190a,5,18925058
182171b124800000190c,5,18972725
182171b1248000001918,5,19214084
182171b124800000191f,5,19410478
182171b1248000001925,5,19467292
182171b1248000001926,5,19487232
182171b1248000001929,5,19494773
182171b124800000192d,5,19505009
182171b124800000192f,5,19649169
182171b1248000001934,5,19796181
182171b1248000001935,5,19804947
182171b124800000193e,5,19931766
182171b124800000193f,5,19945325
182171b1248000001947,5,20021816
182171b124800000194b,5,20094293
182171b1248000001933,5,20094319
182171b124800000193c,5,20195427
182171b1248000001942,5,20333794
182171b124800000194a,5,20484568
182171b1248000001955,5,20882727
182171b1248000001961,5,21642837
182171b1248000001969,5,21718381
182171b124800000196a,5,21764742
182171b124800000196d,5,21769303
182171b124800000196e,5,21769341
182171b124800000196f,5,21771949
182171b1248000001970,5,21771957
182171b1248000001971,5,21771959
182171b1248000001972,5,21772007
182171b1248000001973,5,21779354
182171b1248000001981,5,22213201
182171b1248000001987,5,22213242
182171b124800000197f,5,22386669
182171b1248000001982,5,22386881
182171b1248000001986,5,22522316
182171b1248000001988,5,22594524
182171b1248000001991,5,22684486
182171b1248000001993,5,22704911
182171b1248000001994,5,22713912
182171b124800000199a,5,23055610
182171b12480000019b7,5,23398565
182171b12480000019ac,5,23611087
182171b12480000019b3,5,23647308
182171b12480000019cd,5,23979476
182171b12480000019d2,5,24039436
182171b12480000019d0,5,24181439
182171b12480000019d5,5,24184669
182171b12480000019d7,5,24184681
182171b12480000019d9,5,24200595
182171b12480000019e3,5,24325404
182171b12480000019e5,5,24377747
182171b12480000019ed,5,24706043
182171b12480000019f1,5,24706044
182171b12480000019f3,5,24706094
182171b12480000019f6,5,25052504
182171b12480000019ff,5,25225710
182171b1248000001a07,5,25306557
182171b1248000001a0d,5,25325589
182171b1248000001a23,5,25407178
182171b1248000001a24,5,25438160
182171b1248000001a25,5,25452015
182171b1248000001a09,5,25786997
182171b1248000001a0a,5,25791518
182171b1248000001a0b,5,25946020
182171b1248000001a11,5,26029657
182171b1248000001a13,5,26053502
182171b1248000001a1a,5,26250914
182171b1248000001a2b,5,26365026
182171b1248000001a2c,5,26376746
182171b1248000001a2d,5,26415155
182171b1248000001a43,5,26633926
182171b1248000001a3a,5,26911420
182171b1248000001a40,5,26930292
182171b1248000001a45,5,26973436
182171b1248000001a46,5,26973442
182171b1248000001a47,5,27037704
182171b1248000001a49,5,27066364
182171b1248000001a4c,5,27207449
182171b1248000001a4d,5,27207452
182171b1248000001a50,5,27207545
182171b1248000001a51,5,27207763
182171b1248000001a52,5,27211260
182171b1248000001a58,5,27236028
182171b1248000001a59,5,27250349
182171b1248000001a5b,5,27257328
182171b1248000001a5e,5,27306110
182171b1248000001a5f,5,27356772
182171b1248000001a65,5,27421873
182171b1248000001a55,5,27421881
182171b1248000001a56,5,27421915
182171b1248000001a5c,5,27476395
182171b1248000001a5d,5,27520996
182171b1248000001a60,5,27521003
182171b1248000001a64,5,27521050
182171b1248000001a68,5,27539745
182171b1248000001a6d,5,27618595
182171b1248000001a70,5,27640310
182171b1248000001a72,5,27716685
182171b1248000001a73,5,27742616
182171b1248000001a74,5,27746366
182171b1248000001a75,5,27786674
182171b1248000001a7b,5,27834315
182171b1248000001a80,5,27862761
182171b1248000001a81,5,27875034
182171b1248000001a89,5,28005800
182171b1248000001a8d,5,28036316
182171b1248000001a77,5,28071882
182171b1248000001a79,5,28191873
182171b1248000001a7e,5,28285548
182171b1248000001a7f,5,28285600
182171b1248000001a83,5,28285714
182171b1248000001a84,5,28302685
182171b1248000001a85,5,28302728
182171b1248000001a86,5,28320250
182171b1248000001a8b,5,28397683
182171b1248000001a8e,5,28496389
182171b1248000001a90,5,28547047
182171b1248000001a92,5,28592119
182171b1248000001a98,5,28683037
182171b1248000001a9a,5,28799132
182171b1248000001aad,5,29408680
182171b1248000001abb,6,294945
182171b1248000001ac0,6,592384
182171b1248000001ac1,6,668206
182171b1248000001ac7,6,715017
182171b1248000001ac5,6,818244
182171b1248000001ac8,6,818251
182171b1248000001aca,6,842965
182171b1248000001acb,6,852292
182171b1248000001ad6,6,870118
182171b1248000001ad7,6,870130
182171b1248000001adf,6,911436
182171b1248000001ae0,6,911453
182171b1248000001ae1,6,927081
182171b1248000001ae2,6,927122
182171b1248000001ae6,6,934215
182171b1248000001af5,6,1108223
182171b1248000001ae7,6,1210495
182171b1248000001ae9,6,1357057
182171b1248000001aee,6,1382715
182171b1248000001af1,6,1385882
182171b1248000001afa,6,1454350
182171b1248000001b01,6,1585827
182171b1248000001b02,6,1586825
182171b1248000001b04,6,1589246
182171b1248000001b08,6,1589393
182171b1248000001b09,6,1631159
182171b1248000001b0c,6,1681093
182171b1248000001b0d,6,1703886
182171b1248000001b0e,6,1717702
182171b1248000001b16,6,1786822
182171b1248000001b1d,6,1919685
182171b1248000001b0a,6,1981461
182171b1248000001b10,6,1985128
182171b1248000001b14,6,2005912
182171b1248000001b25,6,2194257
182171b1248000001b27,6,2247744
182171b1248000001b29,6,2353320
182171b1248000001b40,6,2849460
182171b1248000001b41,6,2893052
182171b1248000001b42,6,2900015
182171b1248000001b44,6,3045751
182171b1248000001b48,6,3064817
182171b1248000001b50,6,3167857
182171b1248000001b5e,6,3274046
182171b1248000001b60,6,3299197
182171b1248000001b57,6,3490777
182171b1248000001b5d,6,3537854
182171b1248000001b61,6,3760924
182171b1248000001b68,6,4059834
182171b1248000001b6a,6,4150691
182171b1248000001b6c,6,4150743
182171b1248000001b6e,6,4258717
182171b1248000001b71,6,4258761
182171b1248000001b72,6,4262353
182171b1248000001b76,6,4374280
182171b1248000001b78,6,4390092
182171b1248000001b7c,6,4412407
182171b1248000001b7f,6,4490361
182171b1248000001b81,6,4601118
182171b1248000001b82,6,4614820
182171b1248000001b83,6,4628814
182171b1248000001b86,6,4763793
182171b1248000001b89,6,4860323
182171b1248000001b8b,6,4916760
182171b1248000001b8c,6,5173680
182171b1248000001b8d,6,5173688
182171b1248000001b8e,6,5173711
182171b1248000001b8f,6,5547906
182171b1248000001b90,6,5547914
182171b1248000001b93,6,5667475
182171b1248000001b97,6,5695413
182171b1248000001b99,6,6156521
182171b1248000001b9f,6,6242072
182171b1248000001ba5,6,6244481
182171b1248000001bac,6,6287136
182171b1248000001bae,6,6334454
182171b1248000001baf,6,6334486
182171b1248000001bb4,6,6372472
182171b1248000001bbe,6,6922808
182171b1248000001bc2,6,6955038
182171b1248000001bc8,6,7037024
182171b1248000001bcb,6,7037033
182171b1248000001bd7,6,7232342
182171b1248000001bda,6,7269798
182171b1248000001be6,6,7425880
182171b1248000001bf2,6,7535947
182171b1248000001c02,6,7831914
182171b1248000001bf1,6,7841194
182171b1248000001bf4,6,7966034
182171b1248000001bf5,6,8027561
182171b1248000001c06,6,8107563
182171b1248000001c0a,6,8113516
182171b1248000001c0b,6,8116225
182171b1248000001c0d,6,8144940
182171b1248000001c0f,6,8147776
182171b1248000001c10,6,8147783
182171b1248000001c12,6,8162837
182171b1248000001c23,6,8633915
182171b1248000001c17,6,8820748
182171b1248000001c1d,6,9085700
182171b1248000001c1f,6,9094213
182171b1248000001c25,6,9149432
182171b1248000001c2b,6,9149629
182171b1248000001c33,6,9355225
182171b1248000001c41,6,9404007
182171b1248000001c3b,6,9537197
182171b1248000001c4e,6,9538778
182171b1248000001c50,6,9538797
182171b1248000001c57,6,9576199
182171b1248000001c58,6,9576200
182171b1248000001c5b,6,9635356
182171b1248000001c61,6,9661371
182171b1248000001c63,6,9827606
182171b1248000001c64,6,9827650
182171b1248000001c65,6,9829604
182171b1248000001c68,6,9841063
182171b1248000001c6a,6,9907594
182171b1248000001c6e,6,9907656
182171b1248000001c70,6,9907661
182171b1248000001c73,6,9930372
182171b1248000001c5f,6,10188624
182171b1248000001c66,6,10346687
182171b1248000001c76,6,10449013
182171b1248000001c7c,6,10727304
182171b1248000001c7d,6,10740688
182171b1248000001c81,6,11028022
182171b1248000001c84,6,11057250
182171b1248000001c90,6,11219801
182171b1248000001c91,6,11240718
182171b1248000001c93,6,11266771
182171b1248000001c94,6,11292103
182171b1248000001c8e,6,11403201
182171b1248000001c8f,6,11403212
182171b1248000001c96,6,11500556
182171b1248000001c97,6,11500613
182171b1248000001c98,6,11503558
182171b1248000001c99,6,11503570
182171b1248000001c9a,6,11503625
182171b1248000001c9b,6,11503634
182171b1248000001c9c,6,11504788
182171b1248000001c9d,6,11520243
182171b1248000001c9f,6,11681382
182171b1248000001cb3,6,12056334
182171b1248000001cb7,6,12140858
182171b1248000001cbd,6,12735798
182171b1248000001cc4,6,13052575
182171b1248000001cc7,6,13121258
182171b1248000001cd8,6,13520496
182171b1248000001cdb,6,14043549
182171b1248000001ce3,6,14598773
182171b1248000001ce7,6,14844955
182171b1248000001cf2,6,15733710
182171b1248000001cf4,6,15739462
182171b1248000001cfa,6,15810268
182171b1248000001d02,6,15999426
182171b1248000001cff,6,16721425
182171b1248000001d05,6,16803697
182171b1248000001d07,6,16822784
182171b1248000001d0a,6,16834220
182171b1248000001d18,6,16980736
182171b1248000001d2a,6,17177700
182171b1248000001d15,6,17541121
182171b1248000001d17,6,17732101
182171b1248000001d21,6,17798794
182171b1248000001d23,6,17819524
182171b1248000001d26,6,17819537
182171b1248000001d2f,6,17953534
182171b1248000001d30,6,17969294
182171b1248000001d31,6,17970111
182171b1248000001d32,6,17994681
182171b1248000001d36,6,18076719
182171b1248000001d3b,6,18143876
182171b1248000001d3c,6,18203611
182171b1248000001d45,6,18803242
182171b1248000001d46,6,18803287
182171b1248000001d52,6,19023634
182171b1248000001d60,6,19815888
182171b1248000001d67,6,19832921
182171b1248000001d6b,6,19913912
182171b1248000001d72,6,19987975
182171b1248000001d76,6,19988020
182171b1248000001d77,6,19988141
182171b1248000001d7a,6,20035093
182171b1248000001d7b,6,20035282
182171b1248000001d7d,6,20145235
182171b1248000001d68,6,20159523
182171b1248000001d6d,6,20159528
182171b1248000001d6e,6,20192610
182171b1248000001d7f,6,20531687
182171b1248000001d84,6,20794581
182171b1248000001d88,6,20889753
182171b1248000001d95,6,21346572
182171b1248000001d9a,6,21399664
182171b1248000001d9b,6,21573764
182171b1248000001da1,6,21703315
182171b1248000001da8,6,21763775
182171b1248000001da9,6,21818931
182171b1248000001db0,6,22060943
182171b1248000001dba,6,22332461
182171b1248000001dbb,6,22491331
182171b1248000001dc1,6,22491379
182171b1248000001db8,6,22701776
182171b1248000001dc0,6,22796521
182171b1248000001dc3,6,22804697
182171b1248000001dc5,6,22804717
182171b1248000001dc7,6,22804730
182171b1248000001dc9,6,22812461
182171b1248000001dce,6,22829882
182171b1248000001dcf,6,22839824
182171b1248000001dd0,6,22840254
182171b1248000001dd1,6,22840266
182171b1248000001dea,6,23004580
182171b1248000001dde,6,23022857
182171b1248000001de6,6,23068133
182171b1248000001de9,6,23105057
182171b1248000001df2,6,23203002
182171b1248000001df8,6,23359749
182171b1248000001e01,6,23500211
182171b1248000001e02,6,23510188
182171b1248000001e04,6,23558655
182171b1248000001e05,6,23707453
182171b1248000001e0f,6,23838487
182171b1248000001e13,6,23952196
182171b1248000001e1e,6,24361143
182171b1248000001e28,6,24487673
182171b1248000001e29,6,24487686
182171b1248000001e2c,6,24503902
182171b1248000001e31,6,24597522
182171b1248000001e21,6,24602391
182171b1248000001e23,6,24602407
182171b1248000001e2a,6,24668155
182171b1248000001e2b,6,24743653
182171b1248000001e33,6,24778007
182171b1248000001e3a,6,25031007
182171b1248000001e3b,6,25032000
182171b1248000001e3e,6,25069598
182171b1248000001e3f,6,25104449
182171b1248000001e53,6,25830827
182171b1248000001e55,6,25838972
182171b1248000001e6e,6,26412935
182171b1248000001e74,6,26671621
182171b1248000001e76,6,26722865
182171b1248000001e7b,6,26799799
182171b1248000001e7d,6,26819108
182171b1248000001e80,6,26934109
182171b1248000001e84,6,27096274
182171b1248000001e85,6,27159928
182171b1248000001e8a,6,27171557
182171b1248000001e8d,6,27457910
182171b1248000001e97,6,27560211
182171b1248000001ea2,6,27924786
182171b1248000001ea8,6,28117674
182171b1248000001ea9,6,28118374
182171b1248000001eac,6,28135890
182171b1248000001ead,6,28135927
182171b1248000001eb0,6,28206020
182171b1248000001eb6,6,28536631
182171b1248000001ebc,6,28546212
182171b1248000001ec1,6,28576666
182171b1248000001ec5,6,28683432
182171b1248000001ed6,6,28862141
182171b1248000001edb,6,28911960
182171b1248000001ee3,6,28952246
182171b1248000001ef1,6,29062192
182171b1248000001ef5,6,29134823
182171b1248000001eef,6,29544806
182171b1248000001ef6,6,29573516
182171b1248000001f02,6,29577905
182171b1248000001f06,6,29705372
182171b1248000001f08,6,29749483
182171b1248000001f11,6,29771284
182171b1248000001f19,6,29983958
182171b1248000001f1c,6,30031338
182171b1248000001f09,6,30270532
182171b1248000001f0e,6,30321390
182171b1248000001f10,6,30422070
182171b1248000001f1b,6,30485419
182171b1248000001f1f,6,30589998
182171b1248000001f22,6,30802482
182171b1248000001f26,6,30829228
182171b1248000001f27,6,30830366
182171b1248000001f28,6,30883478
182171b1248000001f2f,7,40552
182171b1248000001f3b,7,213190
182171b1248000001f3f,7,217848
182171b1248000001f35,7,376395
182171b1248000001f3e,7,429585
182171b1248000001f4c,7,687971
182171b1248000001f52,7,901847
182171b1248000001f58,7,963932
182171b1248000001f5c,7,985337
182171b1248000001f5d,7,985340
182171b1248000001f62,7,1201445
182171b1248000001f67,7,1232962
182171b1248000001f69,7,1248352
182171b1248000001f7b,7,2072123
182171b1248000001f7d,7,2154927
182171b1248000001f80,7,2162925
182171b1248000001f85,7,2163031
182171b1248000001f88,7,2206210
182171b1248000001f8c,7,2471384
182171b1248000001f8e,7,2504790
182171b1248000001f93,7,2614993
182171b1248000001faa,7,2624194
182171b1248000001fb0,7,2692594
182171b1248000001fb2,7,3121346
182171b1248000001fb3,7,3121349
182171b1248000001fb4,7,3154025
182171b1248000001fb6,7,3154049
182171b1248000001fb8,7,3173345
182171b1248000001fba,7,3173355
182171b1248000001f95,7,3349047
182171b1248000001f9e,7,3649714
182171b1248000001f9f,7,3654626
182171b1248000001fa0,7,3834570
182171b1248000001fa2,7,3839975
182171b1248000001fa5,7,4119837
182171b1248000001fa6,7,4119931
182171b1248000001fa8,7,4193645
182171b1248000001fc1,7,4425866
182171b1248000001fc5,7,4558651
182171b1248000001fc8,7,4641252
182171b1248000001fca,7,4686636
182171b1248000001fcb,7,4690924
182171b1248000001fce,7,4726216
182171b1248000001fd4,7,4773025
182171b1248000001fd9,7,4778471
182171b1248000001fda,7,4778486
182171b1248000001fdf,7,4986421
182171b1248000001fe1,7,5081273
182171b1248000001fcf,7,5445273
182171b1248000001fe8,7,5849766
182171b1248000001ff4,7,6844433
182171b1248000001ff5,7,6845082
182171b1248000001ffa,7,7027797
182171b1248000002002,7,7105058
182171b1248000002008,7,7108362
182171b124800000200d,7,7166230
182171b124800000200f,7,7311382
182171b1248000002023,7,7781530
182171b1248000002022,7,8360549
182171b1248000002029,7,8373654
182171b1248000002034,7,8940478
182171b124800000203f,7,9459416
182171b1248000002040,7,9822882
182171b1248000002041,7,9822899
182171b1248000002047,7,10129460
182171b1248000002049,7,10820488
182171b1248000002053,7,11255252
182171b124800000205b,7,11283600
182171b1248000002062,7,11349889
182171b1248000002068,7,11349897
182171b1248000002072,7,11386951
182171b1248000002069,7,11628090
182171b124800000206d,7,11700157
182171b124800000206f,7,11760474
182171b1248000002071,7,11760478
182171b1248000002075,7,12709974
182171b1248000002077,7,12786504
182171b1248000002080,7,13039903
182171b124800000208a,7,13259910
182171b124800000208e,7,13259975
182171b124800000208c,7,13259985
182171b1248000002093,7,13400923
182171b1248000002097,7,13411781
182171b1248000002099,7,13546481
182171b124800000209b,7,13626968
182171b12480000020a5,7,14607713
182171b12480000020b5,7,14925994
182171b12480000020b9,7,14926028
182171b12480000020be,7,15230608
182171b12480000020c7,7,15370335
182171b12480000020c8,7,15373648
182171b12480000020c9,7,15373709
182171b12480000020ce,7,15442121
182171b12480000020d4,7,15511325
182171b12480000020e2,7,15560225
182171b12480000020cf,7,15560249
182171b12480000020d9,7,15675335
182171b12480000020e6,7,15997423
182171b12480000020e7,7,16052229
182171b12480000020e9,7,16072851
182171b12480000020ee,7,16274295
182171b12480000020f8,7,16435558
182171b12480000020f9,7,16478827
182171b12480000020f3,7,16651722
182171b1248000002100,7,16668237
182171b1248000002109,7,17213460
182171b124800000210a,7,17233415
182171b1248000002112,7,17534819
182171b1248000002114,7,17570040
182171b1248000002127,7,17811853
182171b1248000002122,7,18206013
182171b1248000002123,7,18210357
182171b1248000002126,7,18237986
182171b1248000002128,7,18239096
182171b124800000212a,7,18338641
182171b124800000212b,7,18342170
182171b124800000212e,7,18522122
182171b124800000212f,7,18529897
182171b1248000002130,7,18588805
182171b1248000002135,7,18705526
182171b1248000002136,7,18711521
182171b1248000002137,7,18711522
182171b1248000002138,7,18711558
182171b1248000002139,7,18720987
182171b124800000213d,7,18842239
182171b1248000002140,7,18859176
182171b1248000002141,7,19264594
182171b1248000002143,7,19273094
182171b1248000002146,7,19286015
182171b1248000002147,7,19308981
182171b1248000002148,7,19342222
182171b1248000002149,7,19360534
182171b124800000214c,7,19412558
182171b124800000214e,7,19432238
182171b124800000214f,7,19498680
182171b1248000002152,7,19583862
182171b1248000002154,7,19591003
182171b1248000002156,7,19737263
182171b1248000002157,7,19737270
182171b1248000002158,7,19744970
182171b1248000002159,7,19744989
182171b124800000215b,7,19762981
182171b124800000215c,7,19763003
182171b124800000215d,7,19763023
182171b124800000215e,7,19772371
182171b124800000215f,7,19772377
182171b1248000002160,7,19772379
182171b1248000002161,7,19836107
182171b1248000002162,7,19836114
182171b1248000002165,7,19894800
182171b1248000002166,7,19894826
182171b1248000002167,7,19894875
182171b1248000002168,7,19894898
182171b1248000002169,7,19894900
182171b124800000216a,7,19914658
182171b124800000216b,7,19916236
182171b124800000216c,7,19927037
182171b124800000216d,7,19927058
182171b124800000216e,7,19927131
182171b124800000216f,7,19927140
182171b1248000002170,7,19927151
182171b1248000002171,7,19927177
182171b1248000002174,7,19946420
182171b1248000002177,7,20040273
182171b1248000002179,7,20040321
182171b124800000217a,7,20090426
182171b124800000217f,7,20094592
182171b1248000002180,7,20104368
182171b1248000002181,7,20104387
182171b1248000002184,7,20104960
182171b1248000002186,7,20225390
182171b1248000002188,7,20225392
182171b124800000218a,7,20225396
182171b124800000218b,7,20225421
182171b124800000218d,7,20225422
182171b1248000002193,7,20225445
182171b1248000002195,7,20225449
182171b1248000002185,7,20440344
182171b1248000002187,7,20506634
182171b124800000218c,7,20525028
182171b124800000218f,7,20536503
182171b1248000002190,7,20593804
182171b1248000002191,7,20593831
182171b1248000002194,7,20621676
182171b124800000219d,7,20816549
182171b124800000219e,7,20816630
182171b124800000219f,7,20816636
182171b12480000021a4,7,20825889
182171b12480000021a7,7,20825919
182171b12480000021ac,7,20958562
182171b12480000021ad,7,20974551
182171b12480000021b1,7,21109210
182171b12480000021a6,7,21245705
182171b12480000021a8,7,21245720
182171b12480000021b4,7,21298679
182171b12480000021c2,7,21379028
182171b12480000021c3,7,21410002
182171b12480000021c4,7,21464821
182171b12480000021d2,7,21526600
182171b12480000021d3,7,21574972
182171b12480000021db,7,21732635
182171b12480000021dc,7,21732643
182171b12480000021e3,7,21848720
182171b12480000021f6,7,22019146
182171b12480000021f7,7,22019774
182171b12480000021fa,7,22021830
182171b12480000021fe,7,22034035
182171b12480000021ed,7,22099711
182171b12480000021ee,7,22103706
182171b12480000021f2,7,22113422
182171b12480000021fd,7,22230199
182171b1248000002201,7,22230278
182171b1248000002202,7,22249624
182171b124800000220b,7,22650750
182171b124800000220c,7,22670246
182171b124800000220d,7,22670309
182171b124800000220f,7,22791855
182171b1248000002210,7,22791863
182171b1248000002212,7,22832064
182171b1248000002217,7,22931049
182171b1248000002218,7,22938724
182171b124800000221a,7,22938744
182171b124800000221f,7,22956359
182171b1248000002220,7,22956368
182171b1248000002222,7,22976215
182171b1248000002225,7,23000709
182171b1248000002228,7,23009637
182171b1248000002229,7,23009691
182171b124800000222d,7,23256203
182171b1248000002230,7,23414851
182171b124800000223a,7,23598208
182171b124800000223c,7,23598209
182171b124800000223d,7,23598254
182171b124800000223e,7,23598256
182171b1248000002240,7,23771472
182171b1248000002247,7,24032390
182171b124800000224f,7,24162825
182171b1248000002269,7,24458902
182171b124800000226e,7,24536481
182171b1248000002259,7,24619787
182171b1248000002260,7,24680471
182171b1248000002263,7,24690191
182171b1248000002268,7,24690286
182171b124800000226c,7,24738798
182171b124800000226d,7,24781919
182171b1248000002275,7,24806819
182171b1248000002276,7,24906192
182171b1248000002279,7,24906256
182171b1248000002283,7,24916286
182171b1248000002288,7,24923190
182171b1248000002289,7,25318958
182171b124800000228a,7,25321929
182171b124800000228e,7,25322850
182171b1248000002294,7,25395511
182171b1248000002298,7,25399966
182171b124800000229a,7,25400040
182171b124800000229b,7,25414073
182171b124800000229d,7,25414641
182171b124800000229f,7,25481383
182171b12480000022a0,7,25481456
182171b12480000022a4,7,25491434
182171b12480000022aa,7,25541651
182171b12480000022a2,7,25596598
182171b12480000022a3,7,25607348
182171b12480000022a7,7,25660847
182171b12480000022b3,7,25715426
182171b12480000022b4,7,25716261
182171b12480000022b6,7,25716296
182171b12480000022b7,7,25716630
182171b12480000022b8,7,25731269
182171b12480000022b9,7,25791949
182171b12480000022ba,7,25871737
182171b12480000022bb,7,25871748
182171b12480000022bc,7,25871756
182171b12480000022bd,7,25872698
182171b12480000022be,7,25872708
182171b12480000022bf,7,25872714
182171b12480000022c5,7,26005607
182171b12480000022c6,7,26046624
182171b12480000022c7,7,26053394
182171b12480000022c8,7,26053403
182171b12480000022c9,7,26053423
182171b12480000022cc,7,26248271
182171b12480000022cf,7,26260864
182171b12480000022d3,7,26282546
182171b12480000022d5,7,26293893
182171b12480000022d7,7,26313469
182171b12480000022c3,7,26340066
182171b12480000022c4,7,26354730
182171b12480000022cb,7,26375390
182171b12480000022ce,7,26375419
182171b12480000022d0,7,26375432
182171b12480000022d4,7,26424223
182171b12480000022d8,7,26434707
182171b12480000022d9,7,26445820
182171b12480000022db,7,26451626
182171b12480000022dc,7,26451629
182171b12480000022dd,7,26456869
182171b12480000022de,7,26459964
182171b12480000022df,7,26503014
182171b12480000022e0,7,26514109
182171b12480000022e1,7,26534896
182171b12480000022e2,7,26618355
182171b12480000022e5,7,26626231
182171b12480000022e6,7,26723953
182171b12480000022e7,7,26723981
182171b12480000022e9,7,26752126
182171b12480000022ea,7,26752756
182171b12480000022ec,7,26762147
182171b12480000022ee,7,26762792
182171b12480000022ef,7,26777537
182171b12480000022f1,7,26777559
182171b12480000022f2,7,26777560
182171b12480000022f3,7,26777575
182171b12480000022eb,7,26777590
182171b12480000022f0,7,26777601
182171b12480000022f4,7,26799583
182171b12480000022f5,7,26805869
182171b12480000022f8,7,26822177
182171b12480000022f9,7,26822203
182171b12480000022fa,7,26847548
182171b12480000022fb,7,26849203
182171b12480000022fd,7,26849766
182171b12480000022fe,7,26852334
182171b12480000022ff,7,26852401
182171b1248000002303,7,27023675
182171b1248000002305,7,27142079
182171b1248000002306,7,27142090
182171b1248000002308,7,27569243
182171b1248000002309,7,27583713
182171b124800000230a,7,27583747
182171b124800000230b,7,27583749
182171b1248000002319,7,27685578
182171b124800000231a,7,27687804
182171b124800000231b,7,27687879
182171b124800000231c,7,27687894
182171b124800000231d,7,27698609
182171b124800000230f,7,27717187
182171b1248000002310,7,27778783
182171b1248000002311,7,27811981
182171b1248000002312,7,27838508
182171b124800000231f,7,27898061
182171b1248000002320,7,27942500
182171b1248000002321,7,27952708
182171b1248000002332,7,28159187
182171b1248000002334,7,28159202
182171b124800000233d,7,28163587
182171b124800000233e,7,28214903
182171b124800000233f,7,28321829
182171b1248000002340,7,28330640
182171b1248000002341,7,28331264
182171b1248000002344,7,28354728
182171b1248000002345,7,28359632
182171b1248000002346,7,28359660
182171b1248000002347,7,28361910
182171b1248000002349,7,28361933
182171b124800000234b,7,28421931
182171b124800000234d,7,28447946
182171b124800000234e,7,28455364
182171b1248000002352,7,28490599
182171b124800000235b,7,28578122
182171b1248000002369,7,28762645
182171b124800000234f,7,28879166
182171b1248000002356,7,28918628
182171b124800000235d,7,28933750
182171b124800000235f,7,28984573
182171b1248000002360,7,28988454
182171b1248000002362,7,29022082
182171b1248000002363,7,29034782
182171b1248000002366,7,29043083
182171b1248000002370,7,29043085
182171b1248000002371,7,29077581
182171b1248000002374,7,29135155
182171b1248000002376,7,29188907
182171b124800000237a,7,29215178
182171b1248000002382,7,29217411
182171b1248000002386,7,29228256
182171b124800000238a,7,29256987
182171b1248000002390,8,39088
182171b1248000002393,8,52045
182171b124800000239c,8,193751
182171b12480000023a5,8,227408
182171b12480000023aa,8,227445
182171b12480000023b1,8,347291
182171b12480000023ac,8,430585
182171b12480000023ae,8,432353
182171b12480000023b8,8,528561
182171b12480000023b9,8,544911
182171b12480000023ba,8,644527
182171b12480000023ca,8,1114770
182171b12480000023d4,8,1183991
182171b12480000023c3,8,1184015
182171b12480000023d3,8,1644042
182171b12480000023da,8,1705592
182171b12480000023db,8,1705599
182171b12480000023dd,8,1858481
182171b12480000023e7,8,1995618
182171b12480000023e9,8,2022688
182171b12480000023eb,8,2022689
182171b12480000023f6,8,2158250
182171b12480000023fa,8,2180827
182171b12480000023e2,8,2187902
182171b12480000023e3,8,2188008
182171b12480000023e8,8,2246550
182171b12480000023fc,8,2442916
182171b12480000023fd,8,2460491
182171b124800000241a,8,2938241
182171b1248000002409,8,2959548
182171b1248000002417,8,3092803
182171b124800000241b,8,3109145
182171b1248000002421,8,3366023
182171b1248000002424,8,3444795
182171b1248000002430,8,3501665
182171b1248000002442,8,3598162
182171b1248000002445,8,3654519
182171b124800000242b,8,3654526
182171b124800000242f,8,3671658
182171b1248000002432,8,3702927
182171b1248000002436,8,3725597
182171b124800000243e,8,3960657
182171b1248000002440,8,4004462
182171b1248000002447,8,4071966
182171b1248000002455,8,4153511
182171b1248000002451,8,4205872
182171b1248000002465,8,4494597
182171b1248000002471,8,4716326
182171b124800000248c,8,5143143
182171b1248000002481,8,5332437
182171b1248000002482,8,5332473
182171b124800000248f,8,5394471
182171b1248000002492,8,5585430
182171b1248000002494,8,5633952
182171b1248000002495,8,5633992
182171b1248000002496,8,5703830
182171b1248000002497,8,5703832
182171b1248000002498,8,5703837
182171b124800000249a,8,5703864
182171b124800000249e,8,5943912
182171b12480000024a0,8,5951762
182171b12480000024aa,8,5998146
182171b12480000024be,8,6089779
182171b12480000024b9,8,6253329
182171b12480000024c1,8,6320919
182171b12480000024d9,8,7793034
182171b12480000024e6,8,8027594
182171b12480000024ce,8,8064361
182171b12480000024dc,8,8334459
182171b12480000024de,8,8334466
182171b12480000024e2,8,8424733
182171b12480000024e3,8,8431659
182171b12480000024ea,8,8457701
182171b12480000024ec,8,8480610
182171b12480000024ee,8,8490946
182171b12480000024f0,8,8618543
182171b12480000024f2,8,8673549
182171b12480000024f3,8,8673587
182171b12480000024f4,8,8673603
182171b12480000024f9,8,8815701
182171b12480000024fc,8,8851541
182171b12480000024fd,8,8851544
182171b12480000024f6,8,8851547
182171b12480000024f7,8,8851570
182171b12480000024fe,8,8851601
182171b12480000024ff,8,8851613
182171b1248000002500,8,8884441
182171b1248000002501,8,8923628
182171b1248000002503,8,8932075
182171b1248000002507,8,8932087
182171b1248000002509,8,8932108
182171b124800000250a,8,8944617
182171b124800000250b,8,8944636
182171b124800000250e,8,8944704
182171b1248000002510,8,8968314
182171b1248000002511,8,8968389
182171b1248000002514,8,8983384
182171b1248000002515,8,8986468
182171b1248000002516,8,8988519
182171b1248000002517,8,8988540
182171b124800000251c,8,8988551
182171b124800000251d,8,8991395
182171b124800000251e,8,9004089
182171b124800000251f,8,9004094
182171b1248000002520,8,9004106
182171b1248000002522,8,9004114
182171b1248000002524,8,9007371
182171b1248000002526,8,9007399
182171b1248000002518,8,9007411
182171b1248000002519,8,9007520
182171b124800000251a,8,9069532
182171b1248000002523,8,9390183
182171b1248000002525,8,9406730
182171b1248000002527,8,9406731
182171b1248000002528,8,9406738
182171b1248000002529,8,9410269
182171b124800000252a,8,9410294
182171b124800000252b,8,9413523
182171b124800000252c,8,9413529
182171b124800000252d,8,9425834
182171b124800000252e,8,9425850
182171b124800000252f,8,9425863
182171b1248000002533,8,9537380
182171b1248000002534,8,9632156
182171b1248000002535,8,9637762
182171b1248000002536,8,9637768
182171b1248000002537,8,9637829
182171b1248000002538,8,9637831
182171b124800000253a,8,9637847
182171b124800000253b,8,9637898
182171b124800000253c,8,9780682
182171b124800000253d,8,9783056
182171b124800000253e,8,9784842
182171b124800000253f,8,9797277
182171b1248000002541,8,9797301
182171b1248000002543,8,9986137
182171b1248000002547,8,10128915
182171b1248000002542,8,10200260
182171b124800000254e,8,10394797
182171b124800000254f,8,10394802
182171b1248000002550,8,10455278
182171b1248000002551,8,10499336
182171b1248000002552,8,10573652
182171b1248000002553,8,10577777
182171b1248000002554,8,10620476
182171b1248000002557,8,10904642
182171b1248000002558,8,10930001
182171b1248000002559,8,11030984
182171b124800000255b,8,11059880
182171b124800000255d,8,11073541
182171b124800000255f,8,11326664
182171b1248000002564,8,11413919
182171b1248000002565,8,11413920
182171b124800000256d,8,11492055
182171b1248000002571,8,11513329
182171b1248000002573,8,11513366
182171b1248000002560,8,11783506
182171b1248000002561,8,11783528
182171b1248000002567,8,11892369
182171b1248000002568,8,11894960
182171b1248000002569,8,11980313
182171b124800000256a,8,11980366
182171b124800000256c,8,11981066
182171b1248000002570,8,12253725
182171b1248000002572,8,12372928
182171b1248000002575,8,12388128
182171b1248000002577,8,12714993
182171b1248000002579,8,12848224
182171b124800000257b,8,13031841
182171b124800000257c,8,13031924
182171b124800000257d,8,13487376
182171b124800000257e,8,13752855
182171b1248000002585,8,13755107
182171b124800000258b,8,13814947
182171b124800000258c,8,13940378
182171b124800000258d,8,13940405
182171b1248000002590,8,13953868
182171b1248000002593,8,14206634
182171b1248000002580,8,14426915
182171b1248000002582,8,14719602
182171b1248000002583,8,14786750
182171b1248000002584,8,14882229
182171b1248000002589,8,14882246
182171b124800000258a,8,14882248
182171b124800000258e,8,14974207
182171b1248000002596,8,15059893
182171b1248000002597,8,15059924
182171b1248000002598,8,15100764
182171b124800000259a,8,15109300
182171b124800000259b,8,15109303
182171b124800000259e,8,15131537
182171b124800000259f,8,15131571
182171b12480000025a0,8,15163964
182171b12480000025a1,8,15180111
182171b12480000025a4,8,15180169
182171b12480000025a8,8,15180177
182171b12480000025ab,8,15206945
182171b12480000025af,8,15218055
182171b12480000025b1,8,15276978
182171b12480000025b2,8,15331602
182171b12480000025b4,8,15331616
182171b12480000025b8,8,15438606
182171b12480000025bc,8,15441700
182171b12480000025be,8,15445454
182171b12480000025a5,8,15445463
182171b12480000025a6,8,15503985
182171b12480000025a7,8,15557918
182171b12480000025a9,8,15592889
182171b12480000025ac,8,15606813
182171b12480000025b0,8,15630233
182171b12480000025b9,8,15976072
182171b12480000025bb,8,16056563
182171b12480000025c0,8,16165402
182171b12480000025c1,8,16165425
182171b12480000025c2,8,16165509
182171b12480000025c3,8,16181983
182171b12480000025c4,8,16182016
182171b12480000025c7,8,16182019
182171b12480000025ca,8,16182020
182171b12480000025d7,8,16182023
182171b12480000025d8,8,16182025
182171b12480000025db,8,16182053
182171b12480000025dc,8,16182057
182171b12480000025dd,8,16335389
182171b12480000025ea,8,16339637
182171b12480000025c6,8,16340332
182171b12480000025c9,8,16356991
182171b12480000025cb,8,16357103
182171b12480000025cc,8,16357108
182171b12480000025cd,8,16368495
182171b12480000025ce,8,16368514
182171b12480000025d0,8,16373958
182171b12480000025d1,8,16373978
182171b12480000025d2,8,16373979
182171b12480000025d3,8,16489777
182171b12480000025d4,8,16507091
182171b12480000025d5,8,16520502
182171b12480000025d6,8,16584321
182171b12480000025d9,8,16584355
182171b12480000025da,8,16592596
182171b12480000025e7,8,16628909
182171b12480000025ec,8,16726371
182171b12480000025ed,8,16726387
182171b12480000025ee,8,16726395
182171b12480000025ef,8,16726407
182171b12480000025f4,8,17069042
182171b12480000025f5,8,17136244
182171b12480000025f7,8,17150133
182171b12480000025fd,8,17328135
182171b12480000025ff,8,17328185
182171b1248000002605,8,17430572
182171b1248000002610,8,17431708
182171b1248000002612,8,17462141
182171b1248000002614,8,17521925
182171b1248000002617,8,17674406
182171b1248000002619,8,17682660
182171b124800000261b,8,17705952
182171b124800000261d,8,17772910
182171b124800000261e,8,17814537
182171b124800000261f,8,17826045
182171b1248000002620,8,17826048
182171b1248000002621,8,17830246
182171b1248000002622,8,17836036
182171b1248000002624,8,17836147
182171b1248000002625,8,17855332
182171b1248000002626,8,17872143
182171b1248000002630,8,18456231
182171b1248000002628,8,18477306
182171b124800000262d,8,18484724
182171b1248000002634,8,18579438
182171b1248000002635,8,18635527
182171b1248000002637,8,18657303
182171b124800000263a,8,18733428
182171b124800000263c,8,18747178
182171b1248000002641,8,18850344
182171b1248000002646,8,18869115
182171b1248000002647,8,18937444
182171b1248000002649,8,18952162
182171b124800000264d,8,18993878
182171b124800000264e,8,19043304
182171b124800000264f,8,19043306
182171b1248000002651,8,19043319
182171b1248000002654,8,19064991
182171b1248000002658,8,19072786
182171b124800000265a,8,19074223
182171b124800000264a,8,19091228
182171b124800000264b,8,19093556
182171b124800000265d,8,19228109
182171b124800000265e,8,19228119
182171b1248000002660,8,19276798
182171b1248000002662,8,19276820
182171b1248000002664,8,19457512
182171b1248000002665,8,19458066
182171b1248000002667,8,19573293
182171b1248000002668,8,19600796
182171b124800000266a,8,19666107
182171b124800000266d,8,19674845
182171b124800000266e,8,19698522
182171b124800000267b,8,19828553
182171b124800000267d,8,19828573
182171b124800000266f,8,19848463
182171b1248000002675,8,19859241
182171b124800000267a,8,19859289
182171b124800000267c,8,19881825
182171b124800000267e,8,19881832
182171b124800000267f,8,19895165
182171b1248000002681,8,19904179
182171b1248000002682,8,19917867
182171b1248000002685,8,19941216
182171b124800000268a,8,20063947
182171b124800000268c,8,20076746
182171b124800000268e,8,20155792
182171b1248000002693,8,20414647
182171b1248000002694,8,20414662
182171b1248000002696,8,20414696
182171b1248000002698,8,20414707
182171b124800000269a,8,20414779
182171b124800000269d,8,20428886
182171b124800000269e,8,20428986
182171b1248000002692,8,20492912
182171b1248000002695,8,20492920
182171b1248000002697,8,20492944
182171b1248000002699,8,20492946
182171b124800000269f,8,20492954
182171b12480000026a0,8,20492994
182171b12480000026a1,8,20566330
182171b12480000026a2,8,20566340
182171b12480000026a4,8,20598987
182171b12480000026a5,8,20641373
182171b12480000026a6,8,20649459
182171b12480000026a7,8,20649651
182171b12480000026aa,8,20651075
182171b12480000026ab,8,20651132
182171b12480000026af,8,20656396
182171b12480000026b0,8,20656399
182171b12480000026b3,8,20656931
182171b12480000026b4,8,20698853
182171b12480000026b5,8,20837267
182171b12480000026b9,8,20873536
182171b12480000026bb,8,20891063
182171b12480000026bf,8,20939360
182171b12480000026c1,8,20939397
182171b12480000026c3,8,20948142
182171b12480000026c5,8,20970051
182171b12480000026bc,8,21067782
182171b12480000026be,8,21079672
182171b12480000026c0,8,21101732
182171b12480000026c2,8,21108950
182171b12480000026c6,8,21113453
182171b12480000026c7,8,21113512
182171b12480000026c8,8,21113540
182171b12480000026c9,8,21113547
182171b12480000026ca,8,21160050
182171b12480000026cb,8,21174909
182171b12480000026cc,8,21291459
182171b12480000026ce,8,21317874
182171b12480000026cf,8,21317944
182171b12480000026d1,8,21328300
182171b12480000026d2,8,21395404
182171b12480000026d3,8,21420836
182171b12480000026d5,8,21470295
182171b12480000026d6,8,21502698
182171b12480000026d7,8,21502767
182171b12480000026d8,8,21518753
182171b12480000026db,8,21525808
182171b12480000026df,8,21549809
182171b12480000026e0,8,21552731
182171b12480000026e1,8,21552746
182171b12480000026e2,8,21582840
182171b12480000026e4,8,21658698
182171b12480000026e6,8,21658911
182171b12480000026dc,8,21687811
182171b12480000026dd,8,21704968
182171b12480000026e3,8,21747766
182171b12480000026e5,8,21907273
182171b12480000026e7,8,21907292
182171b12480000026e9,8,22030311
182171b12480000026eb,8,22044306
182171b12480000026ec,8,22047197
182171b12480000026ed,8,22057809
182171b12480000026ee,8,22107991
182171b12480000026ef,8,22116285
182171b12480000026f2,8,22143111
182171b12480000026f4,8,22177741
182171b12480000026f6,8,22220276
182171b12480000026f8,8,22220386
182171b12480000026f9,8,22283596
182171b12480000026fa,8,22283603
182171b12480000026fb,8,22283612
182171b12480000026fc,8,22363009
182171b12480000026fd,8,22419851
182171b12480000026ff,8,22464026
182171b1248000002700,8,22557918
182171b1248000002703,8,22647120
182171b1248000002705,8,22648189
182171b1248000002707,8,22648203
182171b124800000270a,8,22831409
182171b124800000270b,8,22892577
182171b12480000026fe,8,22892631
182171b1248000002701,8,22924085
182171b1248000002702,8,22991194
182171b1248000002704,8,23031050
182171b1248000002706,8,23031054
182171b1248000002708,8,23031139
182171b124800000270c,8,23044981
182171b124800000270e,8,23222614
182171b1248000002710,8,23238887
182171b1248000002711,8,23241543
182171b1248000002712,8,23266349
182171b1248000002713,8,23343754
182171b1248000002714,8,23454767
182171b1248000002715,8,23548747
182171b1248000002716,8,23563770
182171b124800000271c,8,24212660
182171b124800000271e,8,24220025
182171b1248000002723,8,24382889
182171b1248000002728,8,24523164
182171b1248000002722,8,24785302
182171b1248000002727,8,24835053
182171b1248000002729,8,24835069
182171b124800000272f,8,24960175
182171b1248000002744,8,25580804
182171b1248000002745,8,25581777
182171b124800000274c,8,25635724
182171b124800000274e,8,25750959
182171b1248000002753,8,25908509
182171b1248000002757,8,26097840
182171b124800000275c,8,26220708
182171b1248000002761,8,26228946
182171b1248000002765,8,26233400
182171b1248000002766,8,26235792
182171b1248000002769,8,26241992
182171b124800000276a,8,26242013
182171b1248000002773,8,26330392
182171b1248000002774,8,26330396
182171b1248000002776,8,26330408
182171b1248000002778,8,26490982
182171b124800000277a,8,26491009
182171b124800000276b,8,26491027
182171b124800000276c,8,26576248
182171b1248000002779,8,26750185
182171b124800000277b,8,26760639
182171b124800000277c,8,26774684
182171b1248000002785,8,26875658
182171b1248000002787,8,26882052
182171b1248000002789,8,26893001
182171b124800000278b,8,26906692
182171b1248000002799,8,26986244
182171b124800000279d,8,26989549
182171b1248000002791,8,26989614
182171b12480000027a5,8,27214528
182171b12480000027b6,8,27395353
182171b12480000027bb,8,27399899
182171b12480000027c0,8,27476572
182171b12480000027c4,8,27541063
182171b12480000027ae,8,27630500
182171b12480000027b1,8,27646663
182171b12480000027cc,8,27931052
182171b12480000027cd,8,27960101
182171b12480000027d2,8,28250000
182171b12480000027de,8,28273923
182171b12480000027e6,9,246977
182171b12480000027da,9,482563
182171b12480000027e3,9,591765
182171b12480000027ea,9,678079
182171b12480000027ef,9,692873
182171b12480000027fb,9,1043853
182171b12480000027ff,9,1068743
182171b1248000002803,9,1094681
182171b124800000280e,9,1140159
182171b1248000002817,9,1182800
182171b1248000002809,9,1352109
182171b1248000002819,9,2698472
182171b1248000002823,9,3503234
182171b1248000002832,9,4278219
182171b1248000002835,9,4333422
182171b1248000002837,9,4333516
182171b124800000283f,9,4590959
182171b1248000002841,9,4591002
182171b1248000002842,9,4593314
182171b1248000002847,9,4990233
182171b1248000002849,9,5083060
182171b124800000284a,9,5083072
182171b124800000284b,9,5083084
182171b124800000284d,9,5095586
182171b124800000284e,9,5095606
182171b124800000284f,9,5095638
182171b1248000002850,9,5103839
182171b1248000002852,9,5126004
182171b1248000002853,9,5126006
182171b1248000002855,9,5126022
182171b1248000002858,9,5140557
182171b124800000285b,9,5396424
182171b1248000002856,9,5397752
182171b1248000002862,9,5628735
182171b124800000286a,9,5783368
182171b124800000286b,9,5784167
182171b1248000002881,9,6169316
182171b124800000288a,9,6267157
182171b1248000002872,9,6281397
182171b1248000002879,9,6428774
182171b1248000002889,9,6678705
182171b124800000288b,9,6678720
182171b1248000002890,9,6681540
182171b1248000002891,9,6681547
182171b1248000002894,9,6793086
182171b12480000028af,9,7409040
182171b12480000028b8,9,7743124
182171b12480000028d0,9,7776372
182171b12480000028d7,9,7992111
182171b12480000028d8,9,8002063
182171b12480000028c2,9,8201051
182171b12480000028c6,9,8534959
182171b12480000028c7,9,8534964
182171b12480000028c9,9,8543334
182171b12480000028cd,9,8561923
182171b12480000028da,9,8891045
182171b12480000028dd,9,8891125
182171b12480000028de,9,8891128
182171b12480000028e1,9,9106119
182171b12480000028e7,9,9228866
182171b12480000028ed,9,9376973
182171b12480000028f3,9,9967824
182171b12480000028f4,9,9974181
182171b12480000028f5,9,9979504
182171b12480000028f6,9,9979522
182171b12480000028f8,9,10129958
182171b1248000002906,9,10290845
182171b1248000002908,9,10305350
182171b12480000028f2,9,10305387
182171b12480000028f7,9,10305397
182171b12480000028f9,9,10305427
182171b12480000028fb,9,10323300
182171b12480000028fe,9,10323427
182171b12480000028ff,9,10323453
182171b1248000002901,9,10325096
182171b1248000002905,9,10411308
182171b124800000290c,9,10498796
182171b124800000290d,9,10545051
182171b1248000002911,9,10774193
182171b1248000002912,9,10774213
182171b1248000002914,9,10774296
182171b1248000002919,9,10790027
182171b124800000291c,9,10792609
182171b124800000291d,9,10793660
182171b1248000002920,9,10922929
182171b1248000002924,9,10936938
182171b1248000002926,9,10936949
182171b124800000291f,9,10961551
182171b1248000002923,9,10961568
182171b1248000002928,9,11020849
182171b124800000292a,9,11020862
182171b124800000292b,9,11020880
182171b124800000292d,9,11075960
182171b124800000292e,9,11075966
182171b124800000292f,9,11075992
182171b1248000002931,9,11075998
182171b1248000002932,9,11076024
182171b1248000002934,9,11076053
182171b1248000002936,9,11139928
182171b124800000293c,9,11262814
182171b124800000294a,9,11359619
182171b124800000293b,9,11459447
182171b1248000002942,9,11677257
182171b1248000002948,9,11842223
182171b124800000294c,9,11842258
182171b124800000294e,9,11842351
182171b1248000002951,9,11868383
182171b1248000002957,9,11989086
182171b124800000295f,9,12302952
182171b1248000002960,9,12323425
182171b1248000002961,9,12474195
182171b1248000002962,9,12474202
182171b1248000002963,9,12474263
182171b1248000002964,9,12474312
182171b1248000002965,9,12474323
182171b1248000002966,9,12569257
182171b1248000002967,9,12666353
182171b1248000002969,9,12672783
182171b124800000296d,9,12697029
182171b124800000296a,9,12730449
182171b124800000296b,9,12730470
182171b124800000296c,9,12774254
182171b1248000002970,9,12959467
182171b1248000002971,9,12963819
182171b1248000002973,9,12970986
182171b1248000002974,9,12976641
182171b124800000297c,9,13147259
182171b124800000297d,9,13147265
182171b124800000297e,9,13317616
182171b124800000297f,9,13432882
182171b1248000002980,9,13475489
182171b1248000002981,9,13568507
182171b1248000002983,9,13660251
182171b124800000298a,9,13925219
182171b124800000298c,9,13942264
182171b1248000002996,9,14381173
182171b1248000002986,9,14400800
182171b1248000002987,9,14400825
182171b1248000002988,9,14400844
182171b124800000298d,9,14408227
182171b124800000298f,9,14409524
182171b1248000002991,9,14412428
182171b12480000029bd,9,15076788
182171b12480000029c0,9,15081314
182171b12480000029a6,9,15081316
182171b12480000029ac,9,15081721
182171b12480000029b2,9,15081775
182171b12480000029b5,9,15135220
182171b12480000029bf,9,15245045
182171b12480000029c2,9,15319668
182171b12480000029c5,9,15319902
182171b12480000029d9,9,15684353
182171b12480000029e2,9,15726505
182171b12480000029ec,9,15873869
182171b1248000002a08,9,15972926
182171b1248000002a10,9,16039479
182171b12480000029f8,9,16262480
182171b12480000029fd,9,16283779
182171b12480000029ff,9,16311633
182171b1248000002a06,9,16440025
182171b1248000002a11,9,16450795
182171b1248000002a16,9,16513902
182171b1248000002a19,9,16519497
182171b1248000002a1b,9,16571005
182171b1248000002a1d,9,16628455
182171b1248000002a27,9,16689493
182171b1248000002a32,9,16766612
182171b1248000002a29,9,16861726
182171b1248000002a2a,9,16910442
182171b1248000002a30,9,16990876
182171b1248000002a31,9,16990884
182171b1248000002a37,9,16990897
182171b1248000002a38,9,16998788
182171b1248000002a3a,9,17085087
182171b1248000002a3d,9,17205929
182171b1248000002a44,9,17365152
182171b1248000002a4b,9,17452082
182171b1248000002a53,9,17567921
182171b1248000002a52,9,17672911
182171b1248000002a58,9,17681771
182171b1248000002a5f,9,17819630
182171b1248000002a70,9,18436139
182171b1248000002a7c,9,18596057
182171b1248000002a76,9,18858516
182171b1248000002a7f,9,19004134
182171b1248000002a87,9,19102842
182171b1248000002a89,9,19115761
182171b1248000002a8b,9,19125971
182171b1248000002a8c,9,19153452
182171b1248000002a99,9,19288826
182171b1248000002a9a,9,19288833
182171b1248000002a9b,9,19289040
182171b1248000002a9e,9,19432064
182171b1248000002aa0,9,19446976
182171b1248000002aaa,9,19655455
182171b1248000002aa3,9,20156047
182171b1248000002aaf,9,20253342
182171b1248000002abb,9,20337590
182171b1248000002ac3,9,20453106
182171b1248000002ac6,9,20484396
182171b1248000002ac9,9,20520354
182171b1248000002ad0,9,20533387
182171b1248000002ad8,9,20695149
182171b1248000002ad6,9,20731482
182171b1248000002ada,9,20757292
182171b1248000002adc,9,20789788
182171b1248000002ae0,9,20800390
182171b1248000002ae1,9,20815691
182171b1248000002ae2,9,20829429
182171b1248000002ae3,9,20872981
182171b1248000002af5,9,21083843
182171b1248000002aff,9,21255230
182171b1248000002af0,9,21354075
182171b1248000002b03,9,21413044
182171b1248000002b0f,9,21763778
182171b1248000002b14,9,21821028
182171b1248000002b17,9,21863083
182171b1248000002b1e,9,21957244
182171b1248000002b1c,9,22252684
182171b1248000002b1f,9,22259481
182171b1248000002b2f,9,22348500
182171b1248000002b33,9,22349975
182171b1248000002b44,9,22614067
182171b1248000002b32,9,22743171
182171b1248000002b3a,9,22884315
