Year,Location,Genotype,Replicate,Block,Plot,Row,Column,Plant_height_cm,Yield_lb_ac
2021,Arkansas,MP6_210,1,1,1,1,1,80,7638.24362
2021,Arkansas,MP8_132,1,1,2,1,2,84,7771.336853
2021,Arkansas,MP8_120,1,1,3,1,3,80,7613.798113
2021,Arkansas,MP6_059,1,1,4,1,4,94,9737.583729
2021,Arkansas,MP6_282,1,1,5,1,5,95,7682.855049
2021,Arkansas,MP8_133,1,1,6,1,6,95,8462.424948
2021,Arkansas,CL172_MP,1,1,7,1,7,97,10474.73757
2021,Arkansas,MP6_391,1,1,8,1,8,106,9896.539734
2021,Arkansas,MP8_105,1,1,9,1,9,92,8773.019053
2021,Arkansas,MP6_165,1,1,10,1,10,94,9158.311365
2021,Arkansas,MP8_373,1,1,11,1,11,78,10212.92332
2021,Arkansas,MP8_379,1,1,12,1,12,96,11207.64888
2021,Arkansas,MP6_409,1,1,13,1,13,96,11577.88854
2021,Arkansas,MP6_307,1,1,14,1,14,97,10555.89221
2021,Arkansas,MP8_057,1,1,15,1,15,97,9640.737282
2021,Arkansas,MP6_372,1,1,16,1,16,100,10096.78169
2021,Arkansas,MP8_041,1,1,17,2,16,93,9460.892828
2021,Arkansas,MP8_194,1,1,18,2,15,90,10294.9487
2021,Arkansas,MP8_308,1,1,19,2,14,115,11354.07182
2021,Arkansas,MP6_300,1,1,20,2,13,95,10383.13408
2021,Arkansas,MP8_345,1,1,21,2,12,96,11467.11028
2021,Arkansas,MP6_142,1,1,22,2,11,97,9529.356921
2021,Arkansas,MP8_397,1,1,23,2,10,90,8442.731447
2021,Arkansas,MP8_140,1,1,24,2,9,80,9311.903994
2021,Arkansas,MP6_086,1,1,25,2,8,86,8741.246378
2021,Arkansas,MP8_316,1,1,26,2,7,102,11394.47777
2021,Arkansas,MP8_382,1,1,27,2,6,101,10200.36246
2021,Arkansas,MP8_180,1,1,28,2,5,97,10410.13622
2021,Arkansas,MP6_330,1,1,29,2,4,106,8905.612075
2021,Arkansas,MP8_031,1,1,30,2,3,100,9952.461494
2021,Arkansas,MP8_097,1,1,31,2,2,102,7337.876055
2021,Arkansas,LKST_MP,1,1,32,2,1,112,10027.67844
2021,Arkansas,MP6_289,1,1,33,3,1,87,10496.93213
2021,Arkansas,MP6_327,1,1,34,3,2,102,8414.886357
2021,Arkansas,MP8_124,1,1,35,3,3,97,10076.47682
2021,Arkansas,MP6_340,1,1,36,3,4,87,9822.480687
2021,Arkansas,MP8_327,1,1,37,3,5,104,9681.643443
2021,Arkansas,MP8_242,1,1,38,3,6,120,10628.93231
2021,Arkansas,MP8_148,1,1,39,3,7,113,10123.8672
2021,Arkansas,MP6_208,1,1,40,3,8,82,10383.96776
2021,Arkansas,CL153_MP,1,1,41,3,9,97,10732.5316
2021,Arkansas,MP8_076,1,1,42,3,10,115,8962.330468
2021,Arkansas,MP6_006,1,1,43,3,11,102,10574.13139
2021,Arkansas,MP8_208,1,1,44,3,12,110,10502.90687
2021,Arkansas,MP8_409,1,1,45,3,13,98,8920.433148
2021,Arkansas,MP8_352,1,1,46,3,14,101,11408.75231
2021,Arkansas,MP8_088,1,1,47,3,15,91,8810.247735
2021,Arkansas,MP8_160,1,1,48,3,16,95,9387.963887
2021,Arkansas,MP8_110,1,1,49,4,16,91,9497.343404
2021,Arkansas,MP8_277,1,1,50,4,15,91,9762.733237
2021,Arkansas,MP6_083,1,1,51,4,14,97,10715.6819
2021,Arkansas,MP8_372,1,1,52,4,13,97,9231.842412
2021,Arkansas,MP6_419,1,1,53,4,12,100,12448.94151
2021,Arkansas,MP6_247,1,1,54,4,11,94,11275.15887
2021,Arkansas,MP6_441,1,1,55,4,10,85,9883.478664
2021,Arkansas,MP8_350,1,1,56,4,9,100,9819.553525
2021,Arkansas,MP8_018,1,1,57,4,8,105,9177.245285
2021,Arkansas,MP6_249,1,1,58,4,7,86,11966.55265
2021,Arkansas,CL111_MP,1,1,59,4,6,97,10793.11274
2021,Arkansas,MP8_172,1,1,60,4,5,95,11439.6913
2021,Arkansas,MP8_217,1,1,61,4,4,120,9066.995031
2021,Arkansas,MP6_092,1,1,62,4,3,93,10649.99676
2021,Arkansas,MP6_211,1,1,63,4,2,82,9355.209316
2021,Arkansas,MP6_194,1,1,64,4,1,93,11236.7445
2021,Arkansas,MP6_101,1,1,65,5,1,96,8564.597718
2021,Arkansas,MP8_369,1,1,66,5,2,102,9962.373087
2021,Arkansas,MP8_168,1,1,67,5,3,105,8573.286572
2021,Arkansas,MP8_017,1,1,68,5,4,100,8823.725648
2021,Arkansas,MP8_222,1,1,69,5,5,112,11909.02836
2021,Arkansas,MP8_073,1,1,70,5,6,93,9175.763178
2021,Arkansas,MP8_119,1,1,71,5,7,109,9803.250345
2021,Arkansas,MP6_366,1,1,72,5,8,105,10355.63173
2021,Arkansas,MP6_167,1,1,73,5,9,90,11103.07695
2021,Arkansas,MP6_116,1,1,74,5,10,96,11190.97517
2021,Arkansas,MP6_295,1,1,75,5,11,100,11732.17591
2021,Arkansas,MP6_057,1,1,76,5,12,100,12809.80684
2021,Arkansas,MP8_262,1,1,77,5,13,96,10172.81379
2021,Arkansas,MP8_118,1,1,78,5,14,93,11580.52854
2021,Arkansas,MP6_088,1,1,79,5,15,125,9027.209714
2021,Arkansas,MP6_077,1,1,80,5,16,107,8192.34795
2021,Arkansas,MP6_357,1,1,81,6,16,86,9723.73529
2021,Arkansas,MP8_127,1,1,82,6,15,95,9045.208054
2021,Arkansas,MP6_204,1,1,83,6,14,108,9884.479086
2021,Arkansas,MP8_343,1,1,84,6,13,103,9015.584435
2021,Arkansas,CL172_MP,1,1,85,6,12,101,11095.7961
2021,Arkansas,MP8_400,1,1,86,6,11,95,9514.433953
2021,Arkansas,MP8_085,1,1,87,6,10,96,11697.85586
2021,Arkansas,MP6_139,1,1,88,6,9,85,9235.343891
2021,Arkansas,MP6_283,1,1,89,6,8,95,9486.412863
2021,Arkansas,LKST_MP,1,1,90,6,7,115,12245.83724
2021,Arkansas,MP6_164,1,1,91,6,6,100,12870.65661
2021,Arkansas,MP6_325,1,1,92,6,5,105,10733.45792
2021,Arkansas,MP6_042,1,1,93,6,4,85,10428.15309
2021,Arkansas,MP6_028,1,1,94,6,3,96,9363.286801
2021,Arkansas,MP6_275,1,1,95,6,2,96,8829.561446
2021,Arkansas,MP6_022,1,1,96,6,1,100,8553.611598
2021,Arkansas,MP8_410,1,1,97,7,1,100,8344.708578
2021,Arkansas,MP8_260,1,1,98,7,2,96,9029.553296
2021,Arkansas,MP6_416,1,1,99,7,3,100,8345.792369
2021,Arkansas,MP6_397,1,1,100,7,4,98,9543.372098
2021,Arkansas,MP6_368,1,1,101,7,5,107,10217.92543
2021,Arkansas,MP8_347,1,1,102,7,6,98,12044.56707
2021,Arkansas,MP6_100,1,1,103,7,7,90,11649.14085
2021,Arkansas,MP8_179,1,1,104,7,8,100,10937.53483
2021,Arkansas,MP8_154,1,1,105,7,9,92,9191.529094
2021,Arkansas,MP6_014,1,1,106,7,10,102,10907.3091
2021,Arkansas,MP8_081,1,1,107,7,11,100,9146.806507
2021,Arkansas,MP6_235,1,1,108,7,12,94,10082.30335
2021,Arkansas,MP6_054,1,1,109,7,13,90,8685.435776
2021,Arkansas,MP8_319,1,1,110,7,14,120,9897.234472
2021,Arkansas,MP6_097,1,1,111,7,15,97,10476.27526
2021,Arkansas,MP8_086,1,1,112,7,16,94,9633.085903
2021,Arkansas,MP6_084,1,1,113,8,16,83,8598.445343
2021,Arkansas,MP6_364,1,1,114,8,15,87,8175.627927
2021,Arkansas,MP8_123,1,1,115,8,14,105,9614.059351
2021,Arkansas,ROYJ_MP,1,1,116,8,13,115,12307.37248
2021,Arkansas,MP8_202,1,1,117,8,12,98,11430.28918
2021,Arkansas,MP8_256,1,1,118,8,11,88,9621.997888
2021,Arkansas,MP8_157,1,1,119,8,10,95,9627.37979
2021,Arkansas,MP8_190,1,1,120,8,9,95,9989.773545
2021,Arkansas,MP6_248,1,1,121,8,8,97,11818.37897
2021,Arkansas,MP6_231,1,1,122,8,7,107,11242.45061
2021,Arkansas,MP6_244,1,1,123,8,6,103,12272.40401
2021,Arkansas,MP8_092,1,1,124,8,5,84,10683.39975
2021,Arkansas,MP8_362,1,1,125,8,4,95,11304.07848
2021,Arkansas,MP8_244,1,1,126,8,3,101,10026.15002
2021,Arkansas,MP8_192,1,1,127,8,2,95,9145.389242
2021,Arkansas,MP8_159,1,1,128,8,1,91,9199.032262
2021,Arkansas,MP8_293,1,1,129,9,1,101,7852.750858
2021,Arkansas,MP8_096,1,1,130,9,2,96,8409.254349
2021,Arkansas,MP6_223,1,1,131,9,3,105,9139.636813
2021,Arkansas,MP8_223,1,1,132,9,4,100,8878.415407
2021,Arkansas,MP6_434,1,1,133,9,5,89,12563.3324
2021,Arkansas,MP8_104,1,1,134,9,6,94,11416.54264
2021,Arkansas,MP8_021,1,1,135,9,7,97,10027.78033
2021,Arkansas,MP8_385,1,1,136,9,8,93,10283.97184
2021,Arkansas,MP6_415,1,1,137,9,9,86,10407.42211
2021,Arkansas,MP6_214,1,1,138,9,10,93,10937.25693
2021,Arkansas,MP8_027,1,1,139,9,11,97,11683.78511
2021,Arkansas,CTHL_MP,1,1,140,9,12,109,10282.41563
2021,Arkansas,MP8_022,1,1,141,9,13,107,7580.385857
2021,Arkansas,MP8_363,1,1,142,9,14,103,9428.656995
2021,Arkansas,MP8_167,1,1,143,9,15,105,9833.503859
2021,Arkansas,MP8_171,1,1,144,9,16,96,9388.871678
2021,Arkansas,MP6_272,1,1,145,10,16,99,9263.077823
2021,Arkansas,MP8_298,1,1,146,10,15,97,9921.189031
2021,Arkansas,MP8_406,1,1,147,10,14,97,9241.902215
2021,Arkansas,MP6_169,1,1,148,10,13,92,9879.875291
2021,Arkansas,MP8_220,1,1,149,10,12,105,11243.7104
2021,Arkansas,MP6_156,1,1,150,10,11,87,7997.932529
2021,Arkansas,MP8_183,1,1,151,10,10,100,10592.20384
2021,Arkansas,CL153_MP,1,1,152,10,9,110,10813.64919
2021,Arkansas,MP8_142,1,1,153,10,8,102,9459.623774
2021,Arkansas,MP6_124,1,1,154,10,7,97,11345.99433
2021,Arkansas,MP8_053,1,1,155,10,6,106,11188.26106
2021,Arkansas,MP8_264,1,1,156,10,5,113,10005.9563
2021,Arkansas,PSDO_MP,1,1,157,10,4,105,7982.296297
2021,Arkansas,MP8_094,1,1,158,10,3,112,9738.11173
2021,Arkansas,MP6_093,1,1,159,10,2,95,9714.935278
2021,Arkansas,MP6_205,1,1,160,10,1,105,10786.19315
2021,Arkansas,MP6_259,1,1,161,11,1,99,9707.802636
2021,Arkansas,MP8_417,1,1,162,11,2,105,8606.189353
2021,Arkansas,MP6_288,1,1,163,11,3,85,11790.95999
2021,Arkansas,MP6_263,1,1,164,11,4,105,9968.097726
2021,Arkansas,MP8_058,1,1,165,11,5,101,9020.262336
2021,Arkansas,MP6_400,1,1,166,11,6,90,12899.52065
2021,Arkansas,MP6_140,1,1,167,11,7,106,10551.17725
2021,Arkansas,MP8_197,1,1,168,11,8,105,10825.07994
2021,Arkansas,MP8_396,1,1,169,11,9,107,9464.181253
2021,Arkansas,MP8_310,1,1,170,11,10,120,9059.825337
2021,Arkansas,MP6_353,1,1,171,11,11,92,10310.90914
2021,Arkansas,MP8_218,1,1,172,11,12,110,10815.26098
2021,Arkansas,MP8_109,1,1,173,11,13,102,10228.59661
2021,Arkansas,MP8_077,1,1,174,11,14,103,6703.497089
2021,Arkansas,MP8_378,1,1,175,11,15,103,8236.49622
2021,Arkansas,MP6_087,1,1,176,11,16,101,9319.379373
2021,Arkansas,MP8_153,1,1,177,12,16,107,10223.94649
2021,Arkansas,MP8_420,1,1,178,12,15,96,10183.42012
2021,Arkansas,MP6_292,1,1,179,12,14,99,10669.83847
2021,Arkansas,MP6_117,1,1,180,12,13,105,11489.93474
2021,Arkansas,MP6_256,1,1,181,12,12,100,11190.97517
2021,Arkansas,MP8_102,1,1,182,12,11,103,9333.125918
2021,Arkansas,MP6_105,1,1,183,12,10,105,9594.634483
2021,Arkansas,MP8_012,1,1,184,12,9,102,10120.55099
2021,Arkansas,MP6_035,1,1,185,12,8,95,11213.51247
2021,Arkansas,MP8_093,1,1,186,12,7,91,12166.72976
2021,Arkansas,MP8_275,1,1,187,12,6,104,11256.99379
2021,Arkansas,MP6_132,1,1,188,12,5,110,11444.9991
2021,Arkansas,MP8_322,1,1,189,12,4,90,10022.82454
2021,Arkansas,MP8_371,1,1,190,12,3,115,10236.26651
2021,Arkansas,MP8_087,1,1,191,12,2,94,10438.62973
2021,Arkansas,MP6_315,1,1,192,12,1,85,9881.672346
2021,Arkansas,MP8_181,1,1,193,13,1,92,10524.8328
2021,Arkansas,MP8_128,1,1,194,13,2,92,9187.240246
2021,Arkansas,MP8_201,1,1,195,13,3,103,9964.207195
2021,Arkansas,MP6_011,1,1,196,13,4,94,10383.55092
2021,Arkansas,PSDO_MP,1,1,197,13,5,102,9361.61943
2021,Arkansas,MP6_406,1,1,198,13,6,95,10074.50377
2021,Arkansas,MP8_079,1,1,199,13,7,95,11057.50215
2021,Arkansas,MP6_076,1,1,200,13,8,91,10964.83339
2021,Arkansas,MP6_271,1,1,201,13,9,100,10945.26958
2021,Arkansas,MP6_074,1,1,202,13,10,93,9406.842228
2021,Arkansas,CPRS_MP,1,1,203,13,11,103,9819.553525
2021,Arkansas,MP6_200,1,1,204,13,12,99,11472.84419
2021,Arkansas,MP8_116,1,1,205,13,13,100,9271.39615
2021,Arkansas,MP8_067,1,1,206,13,14,101,9730.312141
2021,Arkansas,MP6_203,1,1,207,13,15,85,10022.47254
2021,Arkansas,MP6_392,1,1,208,13,16,92,11093.42473
2021,Arkansas,MP8_301,1,1,209,14,16,92,9943.513272
2021,Arkansas,MP6_339,1,1,210,14,15,95,10981.81278
2021,Arkansas,MP6_199,1,1,211,14,14,110,11568.86621
2021,Arkansas,MP6_145,1,1,212,14,13,98,9928.63662
2021,Arkansas,MP6_213,1,1,213,14,12,109,10482.38895
2021,Arkansas,MP8_356,1,1,214,14,11,97,10842.4947
2021,Arkansas,MP6_333,1,1,215,14,10,91,8915.412509
2021,Arkansas,MP6_089,1,1,216,14,9,97,11025.93327
2021,Arkansas,MP6_322,1,1,217,14,8,93,11552.95209
2021,Arkansas,MP6_294,1,1,218,14,7,94,11983.76362
2021,Arkansas,MP8_131,1,1,219,14,6,94,10110.0095
2021,Arkansas,MP6_055,1,1,220,14,5,93,11389.14218
2021,Arkansas,MP8_089,1,1,221,14,4,90,8343.522892
2021,Arkansas,MP6_135,1,1,222,14,3,95,10406.22716
2021,Arkansas,MP8_035,1,1,223,14,2,105,10011.98663
2021,Arkansas,MP6_347,1,1,224,14,1,95,8624.530431
2021,Arkansas,MP8_008,1,1,225,15,1,94,9243.384322
2021,Arkansas,MP8_401,1,1,226,15,2,91,10365.02458
2021,Arkansas,MP6_182,1,1,227,15,3,100,9334.422762
2021,Arkansas,MP8_221,1,1,228,15,4,100,9714.842646
2021,Arkansas,MP8_234,1,1,229,15,5,93,10141.02259
2021,Arkansas,MP6_219,1,1,230,15,6,101,10047.91847
2021,Arkansas,MP6_040,1,1,231,15,7,105,12207.44139
2021,Arkansas,MP6_176,1,1,232,15,8,100,10777.62472
2021,Arkansas,MP8_002,1,1,233,15,9,109,10224.83576
2021,Arkansas,CL111_MP,1,1,234,15,10,108,11370.43057
2021,Arkansas,CTHL_MP,1,1,235,15,11,100,8826.439757
2021,Arkansas,MP8_113,1,1,236,15,12,101,11248.90704
2021,Arkansas,MP6_334,1,1,237,15,13,97,9695.112093
2021,Arkansas,MP8_346,1,1,238,15,14,93,9613.781456
2021,Arkansas,MP6_209,1,1,239,15,15,97,10001.72303
2021,Arkansas,ROYJ_MP,1,1,240,15,16,112,10024.23254
2021,Arkansas,MP6_026,1,1,241,16,16,88,10001.5563
2021,Arkansas,MP6_310,1,1,242,16,15,96,10001.0283
2021,Arkansas,MP6_138,1,1,243,16,14,104,10837.72417
2021,Arkansas,CPRS_MP,1,1,244,16,13,106,8954.44751
2021,Arkansas,MP6_387,1,1,245,16,12,102,13090.64764
2021,Arkansas,MP8_213,1,1,246,16,11,108,9815.811204
2021,Arkansas,MP6_063,1,1,247,16,10,106,11264.90454
2021,Arkansas,MP8_394,1,1,248,16,9,97,9965.096459
2021,Arkansas,MP6_305,1,1,249,16,8,92,10316.48557
2021,Arkansas,MP6_069,1,1,250,16,7,95,11480.85683
2021,Arkansas,MP8_257,1,1,251,16,6,108,8780.151694
2021,Arkansas,MP6_206,1,1,252,16,5,87,10380.03092
2021,Arkansas,MP8_419,1,1,253,16,4,95,10562.83032
2021,Arkansas,MP8_307,1,1,254,16,3,92,9659.550781
2021,Arkansas,MP6_286,1,1,255,16,2,95,10658.24098
2021,Arkansas,MP8_332,1,1,256,16,1,110,9022.08718
2021,Arkansas,MP8_298,2,2,257,17,1,95,9026.533502
2021,Arkansas,MP6_105,2,2,258,17,2,100,8848.041471
2021,Arkansas,MP8_327,2,2,259,17,3,100,8714.679606
2021,Arkansas,MP8_373,2,2,260,17,4,87,9371.216075
2021,Arkansas,MP8_202,2,2,261,17,5,100,9748.782902
2021,Arkansas,MP8_362,2,2,262,17,6,91,10766.49039
2021,Arkansas,MP6_249,2,2,263,17,7,96,11502.09728
2021,Arkansas,MP6_416,2,2,264,17,8,110,9998.814399
2021,Arkansas,MP8_128,2,2,265,17,9,89,8922.285782
2021,Arkansas,MP6_204,2,2,266,17,10,106,11259.24474
2021,Arkansas,LKST_MP,2,2,267,17,11,120,10734.07855
2021,Arkansas,MP8_213,2,2,268,17,12,105,9643.933076
2021,Arkansas,MP8_222,2,2,269,17,13,114,9998.332715
2021,Arkansas,MP6_441,2,2,270,17,14,92,9190.84362
2021,Arkansas,MP8_346,2,2,271,17,15,86,8696.542318
2021,Arkansas,MP6_406,2,2,272,17,16,93,9349.984888
2021,Arkansas,MP8_356,2,2,273,18,16,101,10679.23132
2021,Arkansas,MP6_169,2,2,274,18,15,90,9574.311087
2021,Arkansas,MP8_113,2,2,275,18,14,106,10303.93397
2021,Arkansas,CL111_MP,2,2,276,18,13,107,9881.709398
2021,Arkansas,MP6_138,2,2,277,18,12,109,11666.17582
2021,Arkansas,MP8_180,2,2,278,18,11,106,11572.18243
2021,Arkansas,MP6_063,2,2,279,18,10,107,10995.93912
2021,Arkansas,MP8_123,2,2,280,18,9,100,10525.92585
2021,Arkansas,MP6_142,2,2,281,18,8,100,8478.357601
2021,Arkansas,MP6_219,2,2,282,18,7,103,11229.63038
2021,Arkansas,MP8_396,2,2,283,18,6,108,10089.48231
2021,Arkansas,MP6_211,2,2,284,18,5,91,11423.63823
2021,Arkansas,MP8_197,2,2,285,18,4,101,9808.511826
2021,Arkansas,MP8_397,2,2,286,18,3,92,7906.606931
2021,Arkansas,MP8_322,2,2,287,18,2,95,9970.237519
2021,Arkansas,MP6_292,2,2,288,18,1,98,9812.569094
2021,Arkansas,CTHL_MP,2,2,289,19,1,101,9013.500221
2021,Arkansas,MP8_092,2,2,290,19,2,87,8975.66017
2021,Arkansas,MP8_167,2,2,291,19,3,102,8938.070224
2021,Arkansas,MP6_366,2,2,292,19,4,108,10159.31735
2021,Arkansas,MP8_110,2,2,293,19,5,95,11006.54545
2021,Arkansas,MP6_327,2,2,294,19,6,113,8866.892023
2021,Arkansas,MP8_301,2,2,295,19,7,95,9811.059197
2021,Arkansas,MP6_372,2,2,296,19,8,107,11161.58313
2021,Arkansas,MP8_097,2,2,297,19,9,105,9381.461141
2021,Arkansas,MP8_307,2,2,298,19,10,97,9193.140886
2021,Arkansas,MP8_192,2,2,299,19,11,96,10544.63746
2021,Arkansas,MP6_434,2,2,300,19,12,92,10887.58781
2021,Arkansas,MP8_008,2,2,301,19,13,97,9014.000432
2021,Arkansas,MP8_160,2,2,302,19,14,95,8888.039841
2021,Arkansas,MP8_179,2,2,303,19,15,103,9552.894637
2021,Arkansas,MP6_203,2,2,304,19,16,93,12906.73666
2021,Arkansas,MP6_259,2,2,305,20,16,98,11943.8023
2021,Arkansas,MP6_214,2,2,306,20,15,93,9790.633907
2021,Arkansas,MP8_382,2,2,307,20,14,102,11047.03477
2021,Arkansas,CL153_MP,2,2,308,20,13,104,11391.3746
2021,Arkansas,MP8_369,2,2,309,20,12,109,13108.10872
2021,Arkansas,MP6_164,2,2,310,20,11,103,11668.81582
2021,Arkansas,MP6_117,2,2,311,20,10,107,10493.17128
2021,Arkansas,MP6_083,2,2,312,20,9,96,11311.67428
2021,Arkansas,MP8_347,2,2,313,20,8,95,11865.49146
2021,Arkansas,MP8_343,2,2,314,20,7,101,9848.751038
2021,Arkansas,MP6_006,2,2,315,20,6,105,10491.15191
2021,Arkansas,MP8_352,2,2,316,20,5,102,10688.97618
2021,Arkansas,MP6_176,2,2,317,20,4,100,10676.03553
2021,Arkansas,MP6_315,2,2,318,20,3,87,10852.42482
2021,Arkansas,MP8_085,2,2,319,20,2,100,11837.6371
2021,Arkansas,MP8_350,2,2,320,20,1,101,9060.075442
2021,Arkansas,MP6_339,2,2,321,21,1,91,9916.409235
2021,Arkansas,MP6_084,2,2,322,21,2,87,9373.21692
2021,Arkansas,MP6_294,2,2,323,21,3,90,11131.47783
2021,Arkansas,MP8_316,2,2,324,21,4,100,10379.93828
2021,Arkansas,MP6_206,2,2,325,21,5,87,9572.04161
2021,Arkansas,MP6_132,2,2,326,21,6,107,11441.99783
2021,Arkansas,MP8_057,2,2,327,21,7,103,10854.58314
2021,Arkansas,MP6_194,2,2,328,21,8,95,11590.26414
2021,Arkansas,MP8_363,2,2,329,21,9,97,9876.975918
2021,Arkansas,MP6_208,2,2,330,21,10,83,10340.29192
2021,Arkansas,MP8_208,2,2,331,21,11,107,11460.72796
2021,Arkansas,MP8_190,2,2,332,21,12,97,11650.3358
2021,Arkansas,MP8_417,2,2,333,21,13,96,9546.262207
2021,Arkansas,MP6_275,2,2,334,21,14,97,10449.3009
2021,Arkansas,MP6_028,2,2,335,21,15,100,8063.404617
2021,Arkansas,MP6_347,2,2,336,21,16,93,7906.088193
2021,Arkansas,MP8_218,2,2,337,22,16,101,8670.80923
2021,Arkansas,MP6_059,2,2,338,22,15,112,9914.093442
2021,Arkansas,MP8_378,2,2,339,22,14,105,9636.124223
2021,Arkansas,MP6_272,2,2,340,22,13,100,9640.29265
2021,Arkansas,MP8_027,2,2,341,22,12,94,11906.74962
2021,Arkansas,MP8_093,2,2,342,22,11,93,11065.14427
2021,Arkansas,MP8_419,2,2,343,22,10,110,10200.49215
2021,Arkansas,MP8_153,2,2,344,22,9,103,12258.65746
2021,Arkansas,MP8_217,2,2,345,22,8,126,9885.229403
2021,Arkansas,MP6_145,2,2,346,22,7,98,10595.21437
2021,Arkansas,MP6_231,2,2,347,22,6,97,11132.37636
2021,Arkansas,LKST_MP,2,2,348,22,5,115,11069.37754
2021,Arkansas,MP8_171,2,2,349,22,4,100,10665.64225
2021,Arkansas,MP6_387,2,2,350,22,3,106,11519.86404
2021,Arkansas,MP6_026,2,2,351,22,2,86,10244.01052
2021,Arkansas,MP6_391,2,2,352,22,1,101,8996.298514
2021,Arkansas,MP8_194,2,2,353,23,1,92,9484.004438
2021,Arkansas,ROYJ_MP,2,2,354,23,2,117,10565.93348
2021,Arkansas,MP6_397,2,2,355,23,3,98,9954.443813
2021,Arkansas,MP8_017,2,2,356,23,4,91,10371.27722
2021,Arkansas,MP8_105,2,2,357,23,5,95,9980.510375
2021,Arkansas,MP6_283,2,2,358,23,6,93,9737.815309
2021,Arkansas,MP8_181,2,2,359,23,7,92,10972.79046
2021,Arkansas,MP8_087,2,2,360,23,8,91,10395.82462
2021,Arkansas,MP6_086,2,2,361,23,9,87,8821.91933
2021,Arkansas,MP8_094,2,2,362,23,10,105,9905.29343
2021,Arkansas,MP8_096,2,2,363,23,11,95,9764.456187
2021,Arkansas,MP8_089,2,2,364,23,12,97,12090.5865
2021,Arkansas,MP6_248,2,2,365,23,13,97,9849.492092
2021,Arkansas,MP6_322,2,2,366,23,14,94,11240.11629
2021,Arkansas,CL172_MP,2,2,367,23,15,102,11225.86027
2021,Arkansas,MP8_183,2,2,368,23,16,93,8578.566579
2021,Arkansas,MP8_221,2,2,369,24,16,90,7492.608054
2021,Arkansas,MP6_364,2,2,370,24,15,90,9173.410333
2021,Arkansas,CPRS_MP,2,2,371,24,14,102,8913.022611
2021,Arkansas,MP6_035,2,2,372,24,13,95,10437.1291
2021,Arkansas,MP8_104,2,2,373,24,12,100,10389.38672
2021,Arkansas,MP8_260,2,2,374,24,11,98,9595.162484
2021,Arkansas,CPRS_MP,2,2,375,24,10,104,8975.067327
2021,Arkansas,MP6_305,2,2,376,24,9,99,10456.30386
2021,Arkansas,MP8_131,2,2,377,24,8,93,9983.845116
2021,Arkansas,MP6_392,2,2,378,24,7,92,11873.47631
2021,Arkansas,PSDO_MP,2,2,379,24,6,92,9145.194716
2021,Arkansas,MP8_086,2,2,380,24,5,94,10038.80351
2021,Arkansas,MP8_264,2,2,381,24,4,105,10325.21147
2021,Arkansas,MP6_409,2,2,382,24,3,97,12301.19394
2021,Arkansas,MP8_088,2,2,383,24,2,92,8738.717533
2021,Arkansas,MP6_097,2,2,384,24,1,98,8308.619266
2021,Arkansas,MP8_293,2,2,385,25,1,100,7097.55236
2021,Arkansas,MP8_041,2,2,386,25,2,97,9108.503297
2021,Arkansas,MP6_307,2,2,387,25,3,100,10340.94034
2021,Arkansas,MP8_401,2,2,388,25,4,92,10451.44996
2021,Arkansas,MP6_419,2,2,389,25,5,102,11046.19182
2021,Arkansas,MP8_109,2,2,390,25,6,97,10347.70245
2021,Arkansas,ROYJ_MP,2,2,391,25,7,105,11805.35495
2021,Arkansas,MP6_076,2,2,392,25,8,86,10444.40995
2021,Arkansas,MP6_333,2,2,393,25,9,92,9772.126092
2021,Arkansas,MP8_220,2,2,394,25,10,97,9712.851064
2021,Arkansas,MP6_139,2,2,395,25,11,89,9446.988809
2021,Arkansas,MP8_102,2,2,396,25,12,110,10320.70031
2021,Arkansas,MP6_116,2,2,397,25,13,96,11427.93634
2021,Arkansas,MP6_235,2,2,398,25,14,89,8151.293579
2021,Arkansas,MP8_148,2,2,399,25,15,110,8909.900923
2021,Arkansas,MP6_200,2,2,400,25,16,100,8697.153687
2021,Arkansas,MP8_076,2,2,401,26,16,122,9204.608691
2021,Arkansas,MP6_014,2,2,402,26,15,95,9804.973294
2021,Arkansas,MP6_100,2,2,403,26,14,94,8776.705795
2021,Arkansas,MP6_040,2,2,404,26,13,101,11763.39279
2021,Arkansas,MP8_157,2,2,405,26,12,96,9841.192291
2021,Arkansas,MP6_054,2,2,406,26,11,93,10413.38759
2021,Arkansas,MP8_067,2,2,407,26,10,105,10093.59516
2021,Arkansas,MP6_069,2,2,408,26,9,95,9864.73927
2021,Arkansas,MP6_330,2,2,409,26,8,103,9987.198384
2021,Arkansas,MP8_201,2,2,410,26,7,111,10990.9648
2021,Arkansas,MP6_089,2,2,411,26,6,100,11722.78305
2021,Arkansas,MP8_242,2,2,412,26,5,127,10756.17122
2021,Arkansas,MP8_127,2,2,413,26,4,103,9006.284212
2021,Arkansas,MP8_308,2,2,414,26,3,112,9645.035393
2021,Arkansas,MP6_223,2,2,415,26,2,108,9029.395822
2021,Arkansas,MP8_385,2,2,416,26,1,91,9521.520279
2021,Arkansas,MP6_093,2,2,417,27,1,85,8972.232797
2021,Arkansas,MP8_345,2,2,418,27,2,96,10928.47545
2021,Arkansas,MP8_256,2,2,419,27,3,91,7788.899824
2021,Arkansas,MP8_002,2,2,420,27,4,101,11243.1824
2021,Arkansas,MP8_168,2,2,421,27,5,90,8719.237085
2021,Arkansas,MP8_319,2,2,422,27,6,115,10061.47048
2021,Arkansas,MP6_213,2,2,423,27,7,103,10660.05656
2021,Arkansas,MP8_394,2,2,424,27,8,103,9753.951752
2021,Arkansas,MP8_409,2,2,425,27,9,94,9523.826808
2021,Arkansas,MP8_035,2,2,426,27,10,114,11568.57905
2021,Arkansas,CTHL_MP,2,2,427,27,11,102,8732.83542
2021,Arkansas,MP8_116,2,2,428,27,12,104,10187.38476
2021,Arkansas,MP6_156,2,2,429,27,13,88,7983.926615
2021,Arkansas,MP6_282,2,2,430,27,14,103,9617.783146
2021,Arkansas,MP8_406,2,2,431,27,15,97,9231.564517
2021,Arkansas,MP6_357,2,2,432,27,16,94,8794.416977
2021,Arkansas,MP6_286,2,2,433,28,16,99,9907.535118
2021,Arkansas,MP8_154,2,2,434,28,15,94,9292.664389
2021,Arkansas,MP6_256,2,2,435,28,14,101,10487.28917
2021,Arkansas,MP8_372,2,2,436,28,13,104,9460.911354
2021,Arkansas,MP6_087,2,2,437,28,12,102,11283.31972
2021,Arkansas,MP8_172,2,2,438,28,11,97,12143.32173
2021,Arkansas,MP8_022,2,2,439,28,10,107,9286.124591
2021,Arkansas,MP6_140,2,2,440,28,9,98,10502.36035
2021,Arkansas,MP8_081,2,2,441,28,8,99,10584.70067
2021,Arkansas,MP8_079,2,2,442,28,7,92,10442.90005
2021,Arkansas,MP6_340,2,2,443,28,6,92,9932.916205
2021,Arkansas,MP6_271,2,2,444,28,5,95,10738.28403
2021,Arkansas,MP8_277,2,2,445,28,4,97,9916.816815
2021,Arkansas,MP6_400,2,2,446,28,3,85,10913.65438
2021,Arkansas,MP8_132,2,2,447,28,2,83,9281.863533
2021,Arkansas,MP8_012,2,2,448,28,1,94,10367.61827
2021,Arkansas,MP6_415,2,2,449,29,1,85,9589.048791
2021,Arkansas,MP6_295,2,2,450,29,2,103,10502.3974
2021,Arkansas,MP6_074,2,2,451,29,3,85,9394.78158
2021,Arkansas,MP6_135,2,2,452,29,4,96,10850.88713
2021,Arkansas,MP8_310,2,2,453,29,5,110,9242.652532
2021,Arkansas,MP8_021,2,2,454,29,6,100,10633.15631
2021,Arkansas,MP8_262,2,2,455,29,7,100,10461.56534
2021,Arkansas,MP6_300,2,2,456,29,8,93,10727.16823
2021,Arkansas,MP8_400,2,2,457,29,9,93,9406.842228
2021,Arkansas,MP8_379,2,2,458,29,10,92,10975.92141
2021,Arkansas,MP8_018,2,2,459,29,11,104,9573.875718
2021,Arkansas,MP6_167,2,2,460,29,12,97,11684.17416
2021,Arkansas,CL172_MP,2,2,461,29,13,96,12337.5982
2021,Arkansas,MP6_263,2,2,462,29,14,101,9672.120904
2021,Arkansas,MP6_210,2,2,463,29,15,93,10054.61574
2021,Arkansas,MP6_199,2,2,464,29,16,111,10848.36755
2021,Arkansas,MP6_247,2,2,465,30,16,102,9065.12387
2021,Arkansas,MP8_332,2,2,466,30,15,113,9936.677052
2021,Arkansas,MP6_288,2,2,467,30,14,84,11215.80973
2021,Arkansas,MP6_124,2,2,468,30,13,97,10845.63492
2021,Arkansas,MP6_325,2,2,469,30,12,99,10794.99316
2021,Arkansas,MP8_223,2,2,470,30,11,101,11324.78167
2021,Arkansas,MP6_182,2,2,471,30,10,93,10135.21458
2021,Arkansas,MP8_142,2,2,472,30,9,101,9107.845612
2021,Arkansas,MP6_077,2,2,473,30,8,102,9894.399942
2021,Arkansas,MP6_205,2,2,474,30,7,104,10574.46486
2021,Arkansas,MP8_140,2,2,475,30,6,83,9033.869933
2021,Arkansas,MP8_159,2,2,476,30,5,92,10677.33237
2021,Arkansas,MP6_334,2,2,477,30,4,85,10034.65361
2021,Arkansas,MP8_077,2,2,478,30,3,97,6687.305067
2021,Arkansas,MP6_092,2,2,479,30,2,89,10477.98894
2021,Arkansas,MP8_257,2,2,480,30,1,105,8665.371749
2021,Arkansas,MP6_368,2,2,481,31,1,97,8486.546244
2021,Arkansas,MP8_058,2,2,482,31,2,92,7459.492219
2021,Arkansas,CL153_MP,2,2,483,31,3,101,9267.616776
2021,Arkansas,MP6_165,2,2,484,31,4,99,7974.53376
2021,Arkansas,PSDO_MP,2,2,485,31,5,97,8789.099917
2021,Arkansas,MP8_410,2,2,486,31,6,102,9797.053284
2021,Arkansas,MP6_042,2,2,487,31,7,83,10466.64156
2021,Arkansas,MP8_119,2,2,488,31,8,104,9985.438381
2021,Arkansas,MP8_244,2,2,489,31,9,104,8975.567538
2021,Arkansas,MP6_057,2,2,490,31,10,97,11150.76375
2021,Arkansas,MP6_022,2,2,491,31,11,102,9204.997744
2021,Arkansas,MP6_310,2,2,492,31,12,98,10436.62889
2021,Arkansas,MP8_053,2,2,493,31,13,105,10450.78301
2021,Arkansas,MP8_120,2,2,494,31,14,81,10266.18655
2021,Arkansas,MP8_420,2,2,495,31,15,95,9111.069196
2021,Arkansas,MP6_101,2,2,496,31,16,103,8933.633166
2021,Arkansas,CL111_MP,2,2,497,32,16,98,8553.018755
2021,Arkansas,MP8_124,2,2,498,32,15,93,10494.06054
2021,Arkansas,MP6_289,2,2,499,32,14,86,9607.167553
2021,Arkansas,MP6_088,2,2,500,32,13,110,8523.691557
2021,Arkansas,MP6_209,2,2,501,32,12,105,9227.553564
2021,Arkansas,MP8_133,2,2,502,32,11,102,8207.910076
2021,Arkansas,MP8_371,2,2,503,32,10,111,9948.830332
2021,Arkansas,MP6_011,2,2,504,32,9,90,9209.249539
2021,Arkansas,MP8_234,2,2,505,32,8,92,9959.714557
2021,Arkansas,MP6_055,2,2,506,32,7,91,10856.69514
2021,Arkansas,MP8_073,2,2,507,32,6,91,9896.845419
2021,Arkansas,MP6_244,2,2,508,32,5,101,11709.99988
2021,Arkansas,MP8_118,2,2,509,32,4,95,11680.48742
2021,Arkansas,MP8_031,2,2,510,32,3,98,10190.55276
2021,Arkansas,MP8_275,2,2,511,32,2,98,9780.611156
2021,Arkansas,MP6_353,2,2,512,32,1,95,8523.17282
2021,Rice Research Station,MP8_313,1,1,1,1,1,102,8005.668982
2021,Rice Research Station,LKST_MP,1,1,2,1,2,112,9808.406774
2021,Rice Research Station,MP6_213,1,1,3,1,3,104,9378.582418
2021,Rice Research Station,MP6_388,1,1,4,1,4,115,9163.552804
2021,Rice Research Station,MP8_316,1,1,5,1,5,102,9077.665214
2021,Rice Research Station,MP8_123,1,1,6,1,6,106,8724.288087
2021,Rice Research Station,MP6_372,1,1,7,1,7,103,8684.390059
2021,Rice Research Station,MP6_203,1,1,8,1,8,93,9564.843932
2021,Rice Research Station,MP8_141,1,1,9,1,9,105,9738.263221
2021,Rice Research Station,MP6_054,1,1,10,1,10,92,8814.539761
2021,Rice Research Station,MP6_261,1,2,11,1,11,90,9435.285199
2021,Rice Research Station,MP6_172,1,2,12,1,12,98,8354.371387
2021,Rice Research Station,MP8_083,1,2,13,1,13,95,5418.673034
2021,Rice Research Station,MP8_169,1,2,14,1,14,112,8151.230429
2021,Rice Research Station,MP6_031,1,2,15,1,15,97,6702.847874
2021,Rice Research Station,MP8_319,1,2,16,1,16,110,8785.863863
2021,Rice Research Station,MP8_224,1,2,17,1,17,99,9126.188873
2021,Rice Research Station,MP8_264,1,2,18,1,18,106,9810.571178
2021,Rice Research Station,PSDO_MP,1,2,19,1,19,103,6470.441795
2021,Rice Research Station,MP8_275,1,2,20,1,20,94,9322.167068
2021,Rice Research Station,MP8_021,1,3,21,1,21,94,9938.416079
2021,Rice Research Station,CTHL_MP,1,3,22,1,22,104,8637.861931
2021,Rice Research Station,MP6_117,1,3,23,1,23,106,9764.91621
2021,Rice Research Station,MP8_397,1,3,24,1,24,91,6643.192852
2021,Rice Research Station,MP8_371,1,3,25,1,25,114,8774.377953
2021,Rice Research Station,MP8_220,1,3,26,1,26,90,9483.126843
2021,Rice Research Station,MP6_176,1,3,27,1,27,94,8171.890217
2021,Rice Research Station,MP6_076,1,3,28,1,28,86,8766.58454
2021,Rice Research Station,MP6_089,1,3,29,1,29,99,10221.41391
2021,Rice Research Station,MP8_017,1,3,30,1,30,91,8584.269619
2021,Rice Research Station,MP6_231,1,4,31,1,31,100,9762.965365
2021,Rice Research Station,PSDO_MP,1,4,32,1,32,103,7026.728557
2021,Rice Research Station,MP8_066,1,4,33,1,33,87,7259.270868
2021,Rice Research Station,CPRS_MP,1,4,34,1,34,100,9366.537365
2021,Rice Research Station,MP6_409,1,4,35,1,35,91,9785.439104
2021,Rice Research Station,MP8_240,1,4,36,1,36,119,8660.332339
2021,Rice Research Station,MP6_156,1,4,37,1,37,92,6601.896408
2021,Rice Research Station,MP6_116,1,4,38,1,38,90,10617.83809
2021,Rice Research Station,CTHL_MP,1,4,39,1,39,99,7202.827876
2021,Rice Research Station,MP8_314,1,4,40,1,40,103,8313.211084
2021,Rice Research Station,MP8_378,1,1,80,2,1,101,8379.161806
2021,Rice Research Station,MP8_343,1,1,79,2,2,100,8924.823792
2021,Rice Research Station,MP6_097,1,1,78,2,3,98,7780.608037
2021,Rice Research Station,MP8_104,1,1,77,2,4,96,10172.3759
2021,Rice Research Station,MP8_298,1,1,76,2,5,92,8088.328969
2021,Rice Research Station,MP6_333,1,1,75,2,6,97,7341.085718
2021,Rice Research Station,MP8_148,1,1,74,2,7,114,9500.064566
2021,Rice Research Station,MP8_119,1,1,73,2,8,102,9714.882037
2021,Rice Research Station,MP6_426,1,1,72,2,9,96,7609.870841
2021,Rice Research Station,MP8_291,1,1,71,2,10,103,8487.324407
2021,Rice Research Station,LKST_MP,1,2,70,2,11,111,9180.713654
2021,Rice Research Station,MP8_222,1,2,69,2,12,107,9184.532227
2021,Rice Research Station,MP8_409,1,2,68,2,13,98,8399.975904
2021,Rice Research Station,CL172_MP,1,2,67,2,14,96,9819.84701
2021,Rice Research Station,MP8_073,1,2,66,2,15,93,8951.23339
2021,Rice Research Station,MP8_022,1,2,65,2,16,106,7501.92445
2021,Rice Research Station,MP6_415,1,2,64,2,17,89,10114.00667
2021,Rice Research Station,MP8_124,1,2,63,2,18,96,9849.152346
2021,Rice Research Station,MP8_090,1,2,62,2,19,109,6516.726525
2021,Rice Research Station,MP8_102,1,2,61,2,20,104,7996.141301
2021,Rice Research Station,MP6_327,1,3,60,2,21,103,9152.29464
2021,Rice Research Station,CPRS_MP,1,3,59,2,22,104,9242.984017
2021,Rice Research Station,MP8_301,1,3,58,2,23,94,7873.177418
2021,Rice Research Station,MP8_394,1,3,57,2,24,89,8435.70199
2021,Rice Research Station,MP8_277,1,3,56,2,25,93,9149.919121
2021,Rice Research Station,MP6_170,1,3,55,2,26,88,6699.802531
2021,Rice Research Station,LKST_MP,1,3,54,2,27,111,10133.15709
2021,Rice Research Station,MP6_100,1,3,53,2,28,83,8334.787429
2021,Rice Research Station,MP6_244,1,3,52,2,29,92,8931.492723
2021,Rice Research Station,MP6_223,1,3,51,2,30,96,9039.397651
2021,Rice Research Station,MP6_256,1,4,50,2,31,87,9113.314606
2021,Rice Research Station,ROYJ_MP,1,4,49,2,32,101,9361.404541
2021,Rice Research Station,MP6_275,1,4,48,2,33,88,6424.14926
2021,Rice Research Station,MP6_247,1,4,47,2,34,91,8987.097206
2021,Rice Research Station,MP8_202,1,4,46,2,35,101,7847.175411
2021,Rice Research Station,MP6_282,1,4,45,2,36,95,7461.452061
2021,Rice Research Station,MP8_403,1,4,44,2,37,85,4455.850054
2021,Rice Research Station,MP6_211,1,4,43,2,38,84,7628.114275
2021,Rice Research Station,CL111_MP,1,4,42,2,39,94,7824.562786
2021,Rice Research Station,MP8_327,1,4,41,2,40,104,8560.137348
2021,Rice Research Station,MP8_002,1,1,81,3,1,102,9399.902785
2021,Rice Research Station,MP6_057,1,1,82,3,2,98,9555.979388
2021,Rice Research Station,MP8_089,1,1,83,3,3,90,10275.78043
2021,Rice Research Station,MP8_183,1,1,84,3,4,90,8975.874478
2021,Rice Research Station,PSDO_MP,1,1,85,3,5,99,7742.005595
2021,Rice Research Station,MP8_031,1,1,86,3,6,104,8514.887838
2021,Rice Research Station,MP8_208,1,1,87,3,7,104,9446.543929
2021,Rice Research Station,ROYJ_MP,1,1,88,3,8,110,9597.976116
2021,Rice Research Station,MP6_340,1,1,89,3,9,100,10505.7737
2021,Rice Research Station,MP8_218,1,1,90,3,10,97,8671.858471
2021,Rice Research Station,MP6_292,1,2,91,3,11,108,9559.600971
2021,Rice Research Station,MP6_199,1,2,92,3,12,102,9805.00491
2021,Rice Research Station,MP6_263,1,2,93,3,13,99,9426.779358
2021,Rice Research Station,MP6_248,1,2,94,3,14,92,9722.338828
2021,Rice Research Station,MP8_185,1,2,95,3,15,108,7916.884209
2021,Rice Research Station,MP8_217,1,2,96,3,16,116,8575.196396
2021,Rice Research Station,MP6_429,1,2,97,3,17,92,10072.44245
2021,Rice Research Station,CL153_MP,1,2,98,3,18,98,10500.57685
2021,Rice Research Station,MP8_014,1,2,99,3,19,85,8448.096234
2021,Rice Research Station,MP8_041,1,2,100,3,20,95,8133.397206
2021,Rice Research Station,MP8_145,1,3,101,3,21,96,8790.871776
2021,Rice Research Station,PSDO_MP,1,3,102,3,22,100,7056.902311
2021,Rice Research Station,MP8_201,1,3,103,3,23,106,8386.862855
2021,Rice Research Station,MP6_441,1,3,104,3,24,90,9035.548852
2021,Rice Research Station,MP6_289,1,3,105,3,25,90,7409.304917
2021,Rice Research Station,MP6_368,1,3,106,3,26,103,8036.24283
2021,Rice Research Station,MP6_165,1,3,107,3,27,110,8899.896641
2021,Rice Research Station,MP6_209,1,3,108,3,28,100,8256.870722
2021,Rice Research Station,MP8_159,1,3,109,3,29,88,8627.034706
2021,Rice Research Station,MP8_018,1,3,110,3,30,93,7602.45042
2021,Rice Research Station,MP6_194,1,4,111,3,31,93,9593.269869
2021,Rice Research Station,MP6_011,1,4,112,3,32,87,9189.601454
2021,Rice Research Station,MP8_074,1,4,113,3,33,96,8147.392558
2021,Rice Research Station,MP8_034,1,4,114,3,34,92,8672.407356
2021,Rice Research Station,MP6_101,1,4,115,3,35,99,8576.457942
2021,Rice Research Station,MP8_105,1,4,116,3,36,99,9059.784479
2021,Rice Research Station,MP8_372,1,4,117,3,37,95,8704.90087
2021,Rice Research Station,MP8_315,1,4,118,3,38,95,8210.701326
2021,Rice Research Station,MP8_293,1,4,119,3,39,99,7044.504026
2021,Rice Research Station,MP8_401,1,4,120,3,40,91,7850.195968
2021,Rice Research Station,MP8_286,1,1,160,4,1,95,7879.47423
2021,Rice Research Station,MP6_381,1,1,159,4,2,79,8656.796322
2021,Rice Research Station,MP6_082,1,1,158,4,3,88,8753.230448
2021,Rice Research Station,MP6_288,1,1,157,4,4,81,10213.04673
2021,Rice Research Station,MP8_038,1,1,156,4,5,99,9411.222127
2021,Rice Research Station,MP6_305,1,1,155,4,6,87,8846.020261
2021,Rice Research Station,MP8_417,1,1,154,4,7,89,7745.021056
2021,Rice Research Station,MP6_387,1,1,153,4,8,101,9908.742815
2021,Rice Research Station,MP8_429,1,1,152,4,9,101,9014.151129
2021,Rice Research Station,CL111_MP,1,1,151,4,10,89,7399.887199
2021,Rice Research Station,MP8_110,1,2,150,4,11,91,7756.643459
2021,Rice Research Station,MP6_139,1,2,149,4,12,93,7347.4197
2021,Rice Research Station,MP8_412,1,2,148,4,13,86,6904.971738
2021,Rice Research Station,MP8_207,1,2,147,4,14,97,6887.779935
2021,Rice Research Station,MP8_008,1,2,146,4,15,94,7355.144398
2021,Rice Research Station,MP8_114,1,2,145,4,16,101,7632.892664
2021,Rice Research Station,MP6_428,1,2,144,4,17,102,8210.388938
2021,Rice Research Station,MP8_097,1,2,143,4,18,103,8561.614291
2021,Rice Research Station,MP8_113,1,2,142,4,19,92,9532.803542
2021,Rice Research Station,MP8_260,1,2,141,4,20,87,8947.665313
2021,Rice Research Station,MP8_274,1,3,140,4,21,83,9355.452194
2021,Rice Research Station,MP6_093,1,3,139,4,22,78,9147.577311
2021,Rice Research Station,MP6_060,1,3,138,4,23,74,7511.184609
2021,Rice Research Station,MP6_210,1,3,137,4,24,86,9295.598416
2021,Rice Research Station,MP8_410,1,3,136,4,25,94,7280.216455
2021,Rice Research Station,MP6_272,1,3,135,4,26,90,8086.687374
2021,Rice Research Station,MP6_163,1,3,134,4,27,96,7660.630056
2021,Rice Research Station,CL172_MP,1,3,133,4,28,102,9559.257233
2021,Rice Research Station,MP6_078,1,3,132,4,29,96,8591.158618
2021,Rice Research Station,MP6_418,1,3,131,4,30,96,7813.26609
2021,Rice Research Station,MP6_034,1,4,130,4,31,94,8926.302295
2021,Rice Research Station,MP6_043,1,4,129,4,32,96,9995.976684
2021,Rice Research Station,MP6_392,1,4,128,4,33,80,8448.551791
2021,Rice Research Station,MP8_194,1,4,127,4,34,91,8980.66892
2021,Rice Research Station,MP8_257,1,4,126,4,35,105,8071.675183
2021,Rice Research Station,MP8_263,1,4,125,4,36,94,9456.450366
2021,Rice Research Station,MP6_271,1,4,124,4,37,98,8893.737407
2021,Rice Research Station,MP6_200,1,4,123,4,38,99,9226.385464
2021,Rice Research Station,MP8_179,1,4,122,4,39,99,8527.442217
2021,Rice Research Station,MP8_094,1,4,121,4,40,104,9283.445804
2021,Rice Research Station,MP8_406,1,1,161,5,1,95,7664.740101
2021,Rice Research Station,MP8_046,1,1,162,5,2,87,8168.337169
2021,Rice Research Station,CPRS_MP,1,1,163,5,3,94,9190.760138
2021,Rice Research Station,MP8_283,1,1,164,5,4,94,5902.976205
2021,Rice Research Station,MP6_384,1,1,165,5,5,90,7710.926653
2021,Rice Research Station,MP8_373,1,1,166,5,6,88,7243.734831
2021,Rice Research Station,MP8_382,1,1,167,5,7,94,7794.397329
2021,Rice Research Station,MP8_085,1,1,168,5,8,95,7706.039788
2021,Rice Research Station,MP6_295,1,1,169,5,9,100,9360.9594
2021,Rice Research Station,MP8_356,1,1,170,5,10,100,9171.849109
2021,Rice Research Station,MP6_273,1,2,171,5,11,98,8092.647593
2021,Rice Research Station,MP8_221,1,2,172,5,12,85,8520.600545
2021,Rice Research Station,MP8_180,1,2,173,5,13,96,9077.608045
2021,Rice Research Station,MP6_357,1,2,174,5,14,98,9261.662648
2021,Rice Research Station,MP8_259,1,2,175,5,15,84,9030.509675
2021,Rice Research Station,MP8_153,1,2,176,5,16,101,11522.18659
2021,Rice Research Station,MP8_422,1,2,177,5,17,115,6674.150264
2021,Rice Research Station,MP8_133,1,2,178,5,18,91,7566.87221
2021,Rice Research Station,MP6_364,1,2,179,5,19,80,8093.094619
2021,Rice Research Station,MP8_088,1,2,180,5,20,86,6244.552397
2021,Rice Research Station,MP8_383,1,3,181,5,21,92,9029.353507
2021,Rice Research Station,MP8_346,1,3,182,5,22,83,10127.69745
2021,Rice Research Station,MP6_028,1,3,183,5,23,94,9288.788475
2021,Rice Research Station,MP6_157,1,3,184,5,24,92,9466.413727
2021,Rice Research Station,MP6_419,1,3,185,5,25,99,10674.79862
2021,Rice Research Station,MP6_087,1,3,186,5,26,98,9429.295805
2021,Rice Research Station,MP6_339,1,3,187,5,27,90,9534.311295
2021,Rice Research Station,MP8_068,1,3,188,5,28,98,7825.353106
2021,Rice Research Station,MP8_172,1,3,189,5,29,89,9195.102405
2021,Rice Research Station,MP8_320,1,3,190,5,30,112,8104.416884
2021,Rice Research Station,MP8_093,1,4,191,5,31,93,10081.61405
2021,Rice Research Station,MP6_406,1,4,192,5,32,92,7646.000995
2021,Rice Research Station,MP8_012,1,4,193,5,33,88,8251.350225
2021,Rice Research Station,MP6_022,1,4,194,5,34,94,7590.131574
2021,Rice Research Station,MP8_362,1,4,195,5,35,91,9782.880186
2021,Rice Research Station,CL172_MP,1,4,196,5,36,98,9061.020546
2021,Rice Research Station,MP8_092,1,4,197,5,37,91,7882.283605
2021,Rice Research Station,CL153_MP,1,4,198,5,38,97,10214.63403
2021,Rice Research Station,MP8_192,1,4,199,5,39,98,7671.910211
2021,Rice Research Station,MP6_145,1,4,200,5,40,95,8443.288682
2021,Rice Research Station,MP6_050,1,1,240,6,1,101,7750.536773
2021,Rice Research Station,MP8_344,1,1,239,6,2,94,7053.503213
2021,Rice Research Station,MP6_164,1,1,238,6,3,99,10120.68878
2021,Rice Research Station,MP8_035,1,1,237,6,4,102,10394.3835
2021,Rice Research Station,MP6_147,1,1,236,6,5,84,9555.335382
2021,Rice Research Station,MP8_001,1,1,235,6,6,94,9541.432442
2021,Rice Research Station,MP6_077,1,1,234,6,7,100,9228.854952
2021,Rice Research Station,MP8_363,1,1,233,6,8,95,8695.474528
2021,Rice Research Station,MP8_339,1,1,232,6,9,110,8292.986308
2021,Rice Research Station,MP6_300,1,1,231,6,10,92,9288.148907
2021,Rice Research Station,MP8_086,1,2,230,6,11,93,10956.33503
2021,Rice Research Station,MP6_315,1,2,229,6,12,83,9574.496437
2021,Rice Research Station,MP6_205,1,2,228,6,13,99,9667.565358
2021,Rice Research Station,MP6_322,1,2,227,6,14,94,9933.823152
2021,Rice Research Station,MP6_397,1,2,226,6,15,98,11348.98981
2021,Rice Research Station,MP8_256,1,2,225,6,16,89,7848.71299
2021,Rice Research Station,MP8_425,1,2,224,6,17,89,6479.430353
2021,Rice Research Station,MP6_323,1,2,223,6,18,100,9926.195649
2021,Rice Research Station,MP6_301,1,2,222,6,19,93,9120.079435
2021,Rice Research Station,MP8_242,1,2,221,6,20,107,9477.312171
2021,Rice Research Station,MP6_140,1,3,220,6,21,95,10539.06922
2021,Rice Research Station,MP6_294,1,3,219,6,22,88,5630.859712
2021,Rice Research Station,MP6_069,1,3,218,6,23,93,8936.534152
2021,Rice Research Station,MP8_045,1,3,217,6,24,94,5484.998521
2021,Rice Research Station,MP6_132,1,3,216,6,25,104,9543.610938
2021,Rice Research Station,MP6_105,1,3,215,6,26,96,8659.328233
2021,Rice Research Station,MP8_396,1,3,214,6,27,93,9129.32067
2021,Rice Research Station,MP6_208,1,3,213,6,28,87,7543.548507
2021,Rice Research Station,MP6_298,1,3,212,6,29,89,8087.415769
2021,Rice Research Station,MP6_391,1,3,211,6,30,106,9780.511861
2021,Rice Research Station,MP6_400,1,4,210,6,31,92,9994.094486
2021,Rice Research Station,MP8_345,1,4,209,6,32,85,8307.705432
2021,Rice Research Station,MP8_154,1,4,208,6,33,89,6410.925849
2021,Rice Research Station,MP8_308,1,4,207,6,34,99,7765.368769
2021,Rice Research Station,MP6_353,1,4,206,6,35,81,7506.560946
2021,Rice Research Station,MP6_283,1,4,205,6,36,88,6785.399206
2021,Rice Research Station,MP8_352,1,4,204,6,37,99,9341.652966
2021,Rice Research Station,MP8_229,1,4,203,6,38,97,8549.474033
2021,Rice Research Station,MP8_369,1,4,202,6,39,97,9938.937165
2021,Rice Research Station,MP8_385,1,4,201,6,40,98,9132.233936
2021,Rice Research Station,MP8_157,1,1,241,7,1,97,8011.578678
2021,Rice Research Station,MP6_330,1,1,242,7,2,99,8000.22903
2021,Rice Research Station,MP6_334,1,1,243,7,3,93,7991.743312
2021,Rice Research Station,MP6_416,1,1,244,7,4,109,7886.035509
2021,Rice Research Station,CTHL_MP,1,1,245,7,5,106,8901.488067
2021,Rice Research Station,MP6_040,1,1,246,7,6,102,8602.396807
2021,Rice Research Station,MP6_182,1,1,247,7,7,96,8619.633422
2021,Rice Research Station,MP8_140,1,1,248,7,8,85,9569.101945
2021,Rice Research Station,MP8_168,1,1,249,7,9,86,7777.350127
2021,Rice Research Station,CL172_MP,1,1,250,7,10,97,9622.12253
2021,Rice Research Station,MP6_008,1,2,251,7,11,96,8781.513649
2021,Rice Research Station,CL111_MP,1,2,252,7,12,100,9258.797414
2021,Rice Research Station,MP8_142,1,2,253,7,13,97,7958.132158
2021,Rice Research Station,MP6_307,1,2,254,7,14,96,9365.492405
2021,Rice Research Station,MP6_216,1,2,255,7,15,100,9610.447585
2021,Rice Research Station,ROYJ_MP,1,2,256,7,16,110,10213.60943
2021,Rice Research Station,MP6_092,1,2,257,7,17,95,10145.29193
2021,Rice Research Station,MP6_086,1,2,258,7,18,89,9595.335246
2021,Rice Research Station,MP8_364,1,2,259,7,19,90,9340.073085
2021,Rice Research Station,MP6_124,1,2,260,7,20,94,8607.205325
2021,Rice Research Station,MP8_332,1,3,261,7,21,110,9003.036233
2021,Rice Research Station,MP8_419,1,3,262,7,22,101,8041.189118
2021,Rice Research Station,MP8_128,1,3,263,7,23,89,8988.207293
2021,Rice Research Station,MP8_239,1,3,264,7,24,99,8350.857704
2021,Rice Research Station,CL153_MP,1,3,265,7,25,104,9864.093944
2021,Rice Research Station,MP8_223,1,3,266,7,26,92,7136.257137
2021,Rice Research Station,MP6_088,1,3,267,7,27,112,9041.773844
2021,Rice Research Station,MP6_195,1,3,268,7,28,93,8745.960907
2021,Rice Research Station,MP6_297,1,3,269,7,29,102,9763.617316
2021,Rice Research Station,ROYJ_MP,1,3,270,7,30,106,9342.375659
2021,Rice Research Station,MP8_310,1,4,271,7,31,106,9496.744446
2021,Rice Research Station,MP6_009,1,4,272,7,32,105,9887.261668
2021,Rice Research Station,MP8_079,1,4,273,7,33,91,9534.770159
2021,Rice Research Station,MP6_035,1,4,274,7,34,89,8798.174389
2021,Rice Research Station,MP8_057,1,4,275,7,35,108,8256.141775
2021,Rice Research Station,MP8_197,1,4,276,7,36,94,8253.291221
2021,Rice Research Station,MP8_058,1,4,277,7,37,90,8546.143274
2021,Rice Research Station,MP8_109,1,4,278,7,38,99,9073.841521
2021,Rice Research Station,MP6_138,1,4,279,7,39,100,8870.745849
2021,Rice Research Station,MP8_131,1,4,280,7,40,90,8931.107517
2021,Rice Research Station,MP8_076,1,1,320,8,1,115,8479.884251
2021,Rice Research Station,MP6_219,1,1,319,8,2,101,9266.472443
2021,Rice Research Station,MP6_135,1,1,318,8,3,92,8567.241689
2021,Rice Research Station,CL153_MP,1,1,317,8,4,100,10070.3124
2021,Rice Research Station,MP6_310,1,1,316,8,5,90,9951.019875
2021,Rice Research Station,MP6_059,1,1,315,8,6,103,8566.105209
2021,Rice Research Station,MP6_204,1,1,314,8,7,99,10884.88074
2021,Rice Research Station,MP6_019,1,1,313,8,8,99,7508.405896
2021,Rice Research Station,MP8_433,1,1,312,8,9,112,8350.855875
2021,Rice Research Station,MP8_431,1,1,311,8,10,108,7382.211145
2021,Rice Research Station,MP8_003,1,2,310,8,11,88,5249.371339
2021,Rice Research Station,MP6_055,1,2,309,8,12,96,9148.233052
2021,Rice Research Station,MP8_311,1,2,308,8,13,100,9173.788106
2021,Rice Research Station,MP8_077,1,2,307,8,14,100,7226.090466
2021,Rice Research Station,MP6_325,1,2,306,8,15,105,9077.365914
2021,Rice Research Station,MP8_190,1,2,305,8,16,95,10061.86872
2021,Rice Research Station,MP8_069,1,2,304,8,17,104,8409.219209
2021,Rice Research Station,MP6_249,1,2,303,8,18,93,8273.868538
2021,Rice Research Station,MP8_350,1,2,302,8,19,104,10004.36984
2021,Rice Research Station,MP6_408,1,2,301,8,20,110,9295.830192
2021,Rice Research Station,CL111_MP,1,3,300,8,21,104,8876.233592
2021,Rice Research Station,MP8_328,1,3,299,8,22,96,6757.742584
2021,Rice Research Station,MP6_235,1,3,298,8,23,93,8116.450416
2021,Rice Research Station,MP8_096,1,3,297,8,24,92,7383.534929
2021,Rice Research Station,MP8_420,1,3,296,8,25,97,7333.442603
2021,Rice Research Station,MP6_159,1,3,295,8,26,101,8149.303161
2021,Rice Research Station,MP6_434,1,3,294,8,27,85,8978.199014
2021,Rice Research Station,MP6_259,1,3,293,8,28,96,7532.984261
2021,Rice Research Station,MP8_347,1,3,292,8,29,84,8808.142053
2021,Rice Research Station,MP8_167,1,3,291,8,30,106,9332.966152
2021,Rice Research Station,MP8_244,1,4,290,8,31,104,10149.2243
2021,Rice Research Station,MP6_212,1,4,289,8,32,85,8304.904829
2021,Rice Research Station,MP8_171,1,4,288,8,33,98,9526.287701
2021,Rice Research Station,MP8_234,1,4,287,8,34,94,10442.198
2021,Rice Research Station,MP6_142,1,4,286,8,35,104,7011.754972
2021,Rice Research Station,LKST_MP,1,4,285,8,36,110,9980.936677
2021,Rice Research Station,MP8_118,1,4,284,8,37,89,8106.604223
2021,Rice Research Station,MP8_379,1,4,283,8,38,88,10447.66171
2021,Rice Research Station,MP8_181,1,4,282,8,39,93,10346.71158
2021,Rice Research Station,MP6_006,1,4,281,8,40,106,8918.861465
2021,Rice Research Station,MP6_014,1,1,321,9,1,92,8152.653743
2021,Rice Research Station,MP8_400,1,1,322,9,2,94,8027.186339
2021,Rice Research Station,MP8_213,1,1,323,9,3,101,8774.126529
2021,Rice Research Station,MP8_067,1,1,324,9,4,99,8885.046988
2021,Rice Research Station,MP6_363,1,1,325,9,5,97,9146.104046
2021,Rice Research Station,MP8_261,1,1,326,9,6,101,8431.659611
2021,Rice Research Station,MP6_366,1,1,327,9,7,110,8223.297347
2021,Rice Research Station,MP8_418,1,1,328,9,8,81,7651.011421
2021,Rice Research Station,MP6_026,1,1,329,9,9,82,8629.732942
2021,Rice Research Station,MP8_262,1,1,330,9,10,95,7836.575894
2021,Rice Research Station,MP6_206,1,2,331,9,11,85,9177.304214
2021,Rice Research Station,MP6_167,1,2,332,9,12,94,11165.37161
2021,Rice Research Station,MP8_081,1,2,333,9,13,106,9685.623691
2021,Rice Research Station,MP8_132,1,2,334,9,14,91,6103.645633
2021,Rice Research Station,MP6_286,1,2,335,9,15,97,8573.722126
2021,Rice Research Station,MP8_116,1,2,336,9,16,92,9398.51966
2021,Rice Research Station,CTHL_MP,1,2,337,9,17,109,9373.088746
2021,Rice Research Station,CPRS_MP,1,2,338,9,18,101,8252.48791
2021,Rice Research Station,MP8_112,1,2,339,9,19,117,10635.24891
2021,Rice Research Station,MP8_161,1,2,340,9,20,99,9085.101166
2021,Rice Research Station,MP6_214,1,3,341,9,21,104,9437.019388
2021,Rice Research Station,MP6_341,1,3,342,9,22,109,9189.325691
2021,Rice Research Station,MP8_120,1,3,343,9,23,88,7909.039978
2021,Rice Research Station,MP8_160,1,3,344,9,24,108,9643.189761
2021,Rice Research Station,MP8_188,1,3,345,9,25,94,7682.207677
2021,Rice Research Station,MP8_322,1,3,346,9,26,101,8972.183868
2021,Rice Research Station,MP8_053,1,3,347,9,27,102,8663.433684
2021,Rice Research Station,MP6_084,1,3,348,9,28,88,8378.026326
2021,Rice Research Station,MP6_169,1,3,349,9,29,99,8613.549375
2021,Rice Research Station,MP8_087,1,3,350,9,30,92,8664.085542
2021,Rice Research Station,MP6_042,1,4,351,9,31,87,9327.583031
2021,Rice Research Station,MP6_083,1,4,352,9,32,96,7815.953046
2021,Rice Research Station,MP8_127,1,4,353,9,33,95,7943.881847
2021,Rice Research Station,MP6_074,1,4,354,9,34,96,7802.655143
2021,Rice Research Station,MP6_347,1,4,355,9,35,92,8348.617865
2021,Rice Research Station,MP6_063,1,4,356,9,36,92,7543.233939
2021,Rice Research Station,MP8_307,1,4,357,9,37,86,7101.513405
2021,Rice Research Station,MP8_027,1,4,358,9,38,101,9458.256251
2021,Rice Research Station,CLL17,1,4,359,9,39,96,10447.20784
2021,Rice Research Station,Filler3,1,4,360,9,40,98,10069.327
2021,Rice Research Station,MP6_288,1,2,100,4,1,88,8455.563576
2021,Rice Research Station,MP6_416,1,2,101,5,1,108,7468.856388
2021,Rice Research Station,PSDO_MP,1,2,102,5,2,99,8044.188081
2021,Rice Research Station,MP6_357,1,2,103,5,3,96,8954.417734
2021,Rice Research Station,MP6_206,1,2,104,5,4,92,7840.727835
2021,Rice Research Station,MP6_292,1,2,105,5,5,102,10244.68634
2021,Rice Research Station,MP6_076,1,2,106,5,6,92,9503.974058
2021,Rice Research Station,MP8_110,1,2,107,5,7,100,9414.146669
2021,Rice Research Station,MP6_415,1,2,108,5,8,95,9632.381157
2021,Rice Research Station,MP8_120,1,2,109,5,9,86,7229.346993
2021,Rice Research Station,MP6_283,1,1,10,1,10,97,4948.385945
2021,Rice Research Station,MP8_018,1,2,110,5,10,107,7223.043316
2021,Rice Research Station,MP8_412,1,2,111,5,11,93,7293.596002
2021,Rice Research Station,MP8_218,1,2,112,5,12,108,8377.904102
2021,Rice Research Station,MP8_053,1,2,113,5,13,107,9415.752895
2021,Rice Research Station,MP8_085,1,2,114,5,14,99,8220.84255
2021,Rice Research Station,MP6_428,1,2,115,5,15,110,8347.264598
2021,Rice Research Station,MP8_141,1,2,116,5,16,111,8498.416453
2021,Rice Research Station,MP8_145,1,2,117,5,17,94,6462.185033
2021,Rice Research Station,MP8_192,1,2,118,5,18,96,7254.0768
2021,Rice Research Station,MP6_040,1,2,119,5,19,103,7431.82229
2021,Rice Research Station,LKST_MP,1,1,11,1,11,113,10117.49148
2021,Rice Research Station,MP8_409,1,2,120,5,20,97,7020.71955
2021,Rice Research Station,MP8_167,1,2,121,5,21,114,8069.993756
2021,Rice Research Station,CL111_MP,1,2,122,5,22,99,8150.289865
2021,Rice Research Station,MP8_012,1,2,123,5,23,98,7811.846087
2021,Rice Research Station,MP8_275,1,2,124,5,24,97,7287.049876
2021,Rice Research Station,MP8_400,1,2,125,5,25,97,6160.517752
2021,Rice Research Station,MP8_327,1,2,126,6,25,98,6961.516513
2021,Rice Research Station,MP8_220,1,2,127,6,24,102,8636.892767
2021,Rice Research Station,MP8_298,1,2,128,6,23,101,7999.244081
2021,Rice Research Station,MP8_194,1,2,129,6,22,92,8248.724195
2021,Rice Research Station,MP6_156,1,1,12,1,12,90,6126.620338
2021,Rice Research Station,MP8_157,1,2,130,6,21,103,5557.251378
2021,Rice Research Station,MP6_339,1,2,131,6,20,96,7936.26793
2021,Rice Research Station,MP6_219,1,2,132,6,19,96,9309.74203
2021,Rice Research Station,MP8_092,1,2,133,6,18,95,7527.589681
2021,Rice Research Station,MP8_114,1,2,134,6,17,101,4714.149818
2021,Rice Research Station,CL153_MP,1,2,135,6,16,105,8760.8979
2021,Rice Research Station,ROYJ_MP,1,2,136,6,15,116,8325.762394
2021,Rice Research Station,MP6_212,1,2,137,6,14,87,8263.559049
2021,Rice Research Station,MP8_083,1,2,138,6,13,98,7494.168074
2021,Rice Research Station,MP8_356,1,2,139,6,12,102,9144.649352
2021,Rice Research Station,MP6_235,1,1,13,1,13,85,5664.588137
2021,Rice Research Station,MP6_213,1,2,140,6,11,114,8364.516366
2021,Rice Research Station,MP6_084,1,2,141,6,10,97,7707.880886
2021,Rice Research Station,MP8_347,1,2,142,6,9,97,8528.116467
2021,Rice Research Station,MP8_350,1,2,143,6,8,109,6992.71668
2021,Rice Research Station,MP8_068,1,2,144,6,7,104,7250.515829
2021,Rice Research Station,MP8_406,1,2,145,6,6,102,6913.208531
2021,Rice Research Station,MP8_382,1,2,146,6,5,104,7841.667325
2021,Rice Research Station,CL172_MP,1,2,147,6,4,108,6914.208634
2021,Rice Research Station,MP8_385,1,2,148,6,3,99,7876.928515
2021,Rice Research Station,MP8_311,1,2,149,6,2,121,7857.305291
2021,Rice Research Station,MP6_139,1,1,14,1,14,91,7010.476076
2021,Rice Research Station,MP6_210,1,2,150,6,1,90,8413.40774
2021,Rice Research Station,MP8_259,1,2,151,7,1,100,9261.168869
2021,Rice Research Station,MP8_185,1,2,152,7,2,113,7296.232636
2021,Rice Research Station,MP8_373,1,2,153,7,3,101,8298.236846
2021,Rice Research Station,MP8_293,1,2,154,7,4,109,6995.307855
2021,Rice Research Station,MP8_087,1,2,155,7,5,95,8648.249991
2021,Rice Research Station,MP8_419,1,2,156,7,6,109,7557.956429
2021,Rice Research Station,MP6_132,1,2,157,7,7,105,8579.061082
2021,Rice Research Station,MP8_104,1,2,158,7,8,107,9595.013691
2021,Rice Research Station,MP8_090,1,2,159,7,9,129,6784.725666
2021,Rice Research Station,MP6_082,1,1,15,1,15,94,8507.318881
2021,Rice Research Station,CPRS_MP,1,2,160,7,10,110,7240.651182
2021,Rice Research Station,MP6_244,1,2,161,7,11,109,10458.46582
2021,Rice Research Station,MP8_379,1,2,162,7,12,101,9997.501912
2021,Rice Research Station,MP6_327,1,2,163,7,13,115,8649.45466
2021,Rice Research Station,MP8_433,1,2,164,7,14,118,7862.548253
2021,Rice Research Station,MP6_057,1,2,165,7,15,98,9807.823381
2021,Rice Research Station,MP6_069,1,2,166,7,16,99,8881.576935
2021,Rice Research Station,MP6_325,1,2,167,7,17,104,8396.496916
2021,Rice Research Station,MP8_142,1,2,168,7,18,100,8543.799892
2021,Rice Research Station,MP8_131,1,2,169,7,19,92,8474.550371
2021,Rice Research Station,MP6_397,1,1,16,1,16,98,9252.827105
2021,Rice Research Station,MP6_289,1,2,170,7,20,90,6419.385192
2021,Rice Research Station,MP6_418,1,2,171,7,21,99,8105.96714
2021,Rice Research Station,MP8_344,1,2,172,7,22,110,6312.66971
2021,Rice Research Station,MP8_124,1,2,173,7,23,101,8274.302575
2021,Rice Research Station,MP6_301,1,2,174,7,24,105,8022.094908
2021,Rice Research Station,MP8_343,1,2,175,7,25,101,8492.347649
2021,Rice Research Station,MP8_301,1,2,176,8,25,100,8870.734915
2021,Rice Research Station,MP8_159,1,3,177,8,24,91,9216.39913
2021,Rice Research Station,MP6_014,1,3,178,8,23,99,6984.17035
2021,Rice Research Station,MP8_221,1,3,179,8,22,91,5336.759083
2021,Rice Research Station,MP6_434,1,1,17,1,17,96,8823.896781
2021,Rice Research Station,MP8_148,1,3,180,8,21,118,7413.259781
2021,Rice Research Station,MP6_060,1,3,181,8,20,94,9835.598955
2021,Rice Research Station,MP8_234,1,3,182,8,19,100,7959.512736
2021,Rice Research Station,MP8_001,1,3,183,8,18,90,9220.369233
2021,Rice Research Station,MP8_339,1,3,184,8,17,110,8922.368995
2021,Rice Research Station,MP6_022,1,3,185,8,16,101,6795.355543
2021,Rice Research Station,MP8_058,1,3,186,8,15,90,7020.71955
2021,Rice Research Station,MP6_100,1,3,187,8,14,93,8820.631295
2021,Rice Research Station,MP6_426,1,3,188,8,13,105,10007.69235
2021,Rice Research Station,MP6_368,1,3,189,8,12,108,9587.467463
2021,Rice Research Station,MP8_188,1,1,18,1,18,100,7761.803079
2021,Rice Research Station,PSDO_MP,1,3,190,8,11,105,8561.604747
2021,Rice Research Station,MP6_035,1,3,191,8,10,96,6623.330337
2021,Rice Research Station,MP8_316,1,3,192,8,9,107,6543.094841
2021,Rice Research Station,CL172_MP,1,3,193,8,8,101,7730.155896
2021,Rice Research Station,MP8_088,1,3,194,8,7,92,7423.760858
2021,Rice Research Station,MP8_034,1,3,195,8,6,92,7835.924312
2021,Rice Research Station,MP6_176,1,3,196,8,5,97,8285.879519
2021,Rice Research Station,MP6_147,1,3,197,8,4,97,9361.095778
2021,Rice Research Station,MP8_172,1,3,198,8,3,95,8762.110145
2021,Rice Research Station,MP6_011,1,3,199,8,2,97,7849.554497
2021,Rice Research Station,MP8_086,1,1,19,1,19,97,7582.436211
2021,Rice Research Station,MP8_242,1,1,1,1,1,127,9153.923029
2021,Rice Research Station,MP8_097,1,3,200,8,1,110,7127.59414
2021,Rice Research Station,MP8_244,1,3,201,9,1,110,8300.244627
2021,Rice Research Station,CPRS_MP,1,3,202,9,2,106,7594.445018
2021,Rice Research Station,MP6_366,1,3,203,9,3,114,8715.55992
2021,Rice Research Station,MP8_315,1,3,204,9,4,102,9809.846315
2021,Rice Research Station,MP8_002,1,3,205,9,5,109,8970.25269
2021,Rice Research Station,MP6_200,1,3,206,9,6,106,9220.263162
2021,Rice Research Station,MP6_142,1,3,207,9,7,111,7221.52801
2021,Rice Research Station,MP8_410,1,3,208,9,8,104,7709.873514
2021,Rice Research Station,MP6_214,1,3,209,9,9,93,8062.030819
2021,Rice Research Station,MP8_171,1,1,20,1,20,99,6760.6929
2021,Rice Research Station,MP6_322,1,3,210,9,10,100,7903.113016
2021,Rice Research Station,MP6_353,1,3,211,9,11,90,8703.846598
2021,Rice Research Station,CL111_MP,1,3,212,9,12,104,9344.707734
2021,Rice Research Station,MP6_019,1,3,213,9,13,107,8601.608847
2021,Rice Research Station,MP8_401,1,3,214,9,14,93,8669.805231
2021,Rice Research Station,MP6_295,1,3,215,9,15,105,9841.917784
2021,Rice Research Station,MP8_038,1,3,216,9,16,104,8951.485615
2021,Rice Research Station,MP8_096,1,3,217,9,17,97,8258.960093
2021,Rice Research Station,MP6_063,1,3,218,9,18,110,9652.777187
2021,Rice Research Station,MP6_028,1,3,219,9,19,103,8257.369021
2021,Rice Research Station,MP8_213,1,1,21,1,21,103,7113.077501
2021,Rice Research Station,ROYJ_MP,1,3,220,9,20,117,8582.819043
2021,Rice Research Station,MP6_209,1,3,221,9,21,103,7517.096181
2021,Rice Research Station,CTHL_MP,1,3,222,9,22,112,8348.522303
2021,Rice Research Station,MP8_119,1,3,223,9,23,102,8855.339397
2021,Rice Research Station,MP8_345,1,3,224,9,24,92,8438.061782
2021,Rice Research Station,MP8_403,1,3,225,9,25,108,6381.744971
2021,Rice Research Station,MP6_159,1,3,226,10,25,103,8133.924551
2021,Rice Research Station,MP8_277,1,3,227,10,24,99,8421.681316
2021,Rice Research Station,MP6_231,1,3,228,10,23,108,6742.96381
2021,Rice Research Station,MP6_408,1,3,229,10,22,106,8787.76429
2021,Rice Research Station,CL172_MP,1,1,22,1,22,104,6568.339853
2021,Rice Research Station,MP8_431,1,3,230,10,21,112,6420.021621
2021,Rice Research Station,MP8_014,1,3,231,10,20,97,8500.87125
2021,Rice Research Station,MP6_297,1,3,232,10,19,105,7756.264633
2021,Rice Research Station,MP6_194,1,3,233,10,18,93,8959.251563
2021,Rice Research Station,MP6_211,1,3,234,10,17,99,8670.979593
2021,Rice Research Station,MP8_041,1,3,235,10,16,96,8401.391357
2021,Rice Research Station,MP8_153,1,3,236,10,15,103,8268.612597
2021,Rice Research Station,MP8_369,1,3,237,10,14,112,10180.3161
2021,Rice Research Station,MP6_059,1,3,238,10,13,106,9183.827609
2021,Rice Research Station,MP6_273,1,3,239,10,12,103,9700.289632
2021,Rice Research Station,MP8_352,1,1,23,1,23,105,6935.847215
2021,Rice Research Station,MP8_261,1,3,240,10,11,95,8747.138914
2021,Rice Research Station,MP8_022,1,3,241,10,10,109,7252.74333
2021,Rice Research Station,MP6_138,1,3,242,10,9,96,7652.466116
2021,Rice Research Station,MP8_229,1,3,243,10,8,97,6645.355322
2021,Rice Research Station,MP6_310,1,3,244,10,7,104,9171.826379
2021,Rice Research Station,MP6_078,1,3,245,10,6,92,8443.956326
2021,Rice Research Station,MP6_341,1,3,246,10,5,116,9918.562003
2021,Rice Research Station,MP6_406,1,3,247,10,4,102,8608.397422
2021,Rice Research Station,MP8_264,1,3,248,10,3,105,6774.936784
2021,Rice Research Station,MP6_282,1,3,249,10,2,105,7401.667684
2021,Rice Research Station,MP8_314,1,1,24,1,24,104,7507.276993
2021,Rice Research Station,MP8_286,1,3,250,10,1,102,8789.385668
2021,Rice Research Station,MP8_008,1,3,251,11,1,103,7966.877127
2021,Rice Research Station,MP6_101,1,3,252,11,2,102,8619.913754
2021,Rice Research Station,MP8_132,1,3,253,11,3,91,7608.007014
2021,Rice Research Station,MP6_195,1,3,254,11,4,91,9172.712834
2021,Rice Research Station,LKST_MP,1,3,255,11,5,117,10450.32105
2021,Rice Research Station,CL153_MP,1,3,256,11,6,107,9409.50983
2021,Rice Research Station,MP6_006,1,3,257,11,7,104,7642.965142
2021,Rice Research Station,MP8_021,1,3,258,11,8,102,8472.838074
2021,Rice Research Station,MP8_208,1,3,259,11,9,103,8398.830489
2021,Rice Research Station,MP6_249,1,1,25,1,25,92,7578.231235
2021,Rice Research Station,MP6_300,1,3,260,11,10,101,9380.696271
2021,Rice Research Station,MP6_145,1,3,261,11,11,98,9520.9758
2021,Rice Research Station,MP8_201,1,3,262,11,12,110,9233.105387
2021,Rice Research Station,MP8_168,1,3,263,11,13,100,7431.97382
2021,Rice Research Station,MP6_135,1,4,264,11,14,100,8858.794297
2021,Rice Research Station,MP6_034,1,4,265,11,15,96,9232.226509
2021,Rice Research Station,MP8_035,1,4,266,11,16,107,7786.979902
2021,Rice Research Station,MP8_180,1,4,267,11,17,112,7663.664233
2021,Rice Research Station,MP8_256,1,4,268,11,18,98,6893.736839
2021,Rice Research Station,MP6_275,1,4,269,11,19,95,8542.239126
2021,Rice Research Station,MP6_167,1,1,26,2,25,96,8005.138624
2021,Rice Research Station,MP6_263,1,4,270,11,20,103,9043.654152
2021,Rice Research Station,MP8_328,1,4,271,11,21,103,7864.078713
2021,Rice Research Station,MP6_205,1,4,272,11,22,111,8282.235206
2021,Rice Research Station,MP8_017,1,4,273,11,23,92,7904.855619
2021,Rice Research Station,MP6_203,1,4,274,11,24,101,8744.146183
2021,Rice Research Station,MP8_179,1,4,275,11,25,103,6875.704688
2021,Rice Research Station,CL153_MP,1,4,276,12,25,103,8858.794297
2021,Rice Research Station,MP8_202,1,4,277,12,24,100,8049.552267
2021,Rice Research Station,MP8_133,1,4,278,12,23,100,7180.432889
2021,Rice Research Station,MP6_204,1,4,279,12,22,103,8505.530818
2021,Rice Research Station,MP8_283,1,1,27,2,24,95,5714.691756
2021,Rice Research Station,MP6_077,1,4,280,12,21,114,9253.425652
2021,Rice Research Station,MP8_224,1,4,281,12,20,105,9108.38806
2021,Rice Research Station,MP6_087,1,4,282,12,19,100,8508.485667
2021,Rice Research Station,MP6_172,1,4,283,12,18,98,8326.989793
2021,Rice Research Station,MP8_372,1,4,284,12,17,96,8608.427728
2021,Rice Research Station,MP6_086,1,4,285,12,16,97,8636.112384
2021,Rice Research Station,MP6_372,1,4,286,12,15,106,9066.179188
2021,Rice Research Station,MP6_208,1,4,287,12,14,86,7333.251581
2021,Rice Research Station,MP8_274,1,4,288,12,13,88,8570.60567
2021,Rice Research Station,MP6_272,1,4,289,12,12,98,9406.054931
2021,Rice Research Station,MP8_364,1,1,28,2,23,87,6990.292189
2021,Rice Research Station,LKST_MP,1,4,290,12,11,119,10609.58737
2021,Rice Research Station,MP6_223,1,4,291,12,10,109,8971.616466
2021,Rice Research Station,MP8_079,1,4,292,12,9,103,8763.625452
2021,Rice Research Station,MP6_088,1,4,293,12,8,121,8617.701406
2021,Rice Research Station,MP8_109,1,4,294,12,7,101,8723.894108
2021,Rice Research Station,PSDO_MP,1,4,295,12,6,101,8768.413822
2021,Rice Research Station,MP6_305,1,4,296,12,5,88,9448.589593
2021,Rice Research Station,MP8_239,1,4,297,12,4,102,9389.598699
2021,Rice Research Station,MP6_117,1,4,298,12,3,112,8764.451294
2021,Rice Research Station,MP8_105,1,4,299,12,2,106,8842.035004
2021,Rice Research Station,MP6_271,1,1,29,2,22,94,8099.163413
2021,Rice Research Station,MP8_420,1,1,2,1,2,104,9199.154938
2021,Rice Research Station,MP6_165,1,4,300,12,1,98,7095.02262
2021,Rice Research Station,MP6_083,1,4,301,13,1,97,9053.776402
2021,Rice Research Station,MP8_418,1,4,302,13,2,89,7488.858438
2021,Rice Research Station,MP8_319,1,4,303,13,3,116,8725.985231
2021,Rice Research Station,MP6_097,1,4,304,13,4,97,8926.983104
2021,Rice Research Station,MP8_161,1,4,305,13,5,100,8266.57451
2021,Rice Research Station,MP8_313,1,4,306,13,6,106,5562.751942
2021,Rice Research Station,MP8_422,1,4,307,13,7,112,7312.431266
2021,Rice Research Station,MP8_093,1,4,308,13,8,92,9072.770773
2021,Rice Research Station,MP8_322,1,4,309,13,9,101,7669.876991
2021,Rice Research Station,MP6_323,1,1,30,2,21,99,7525.043965
2021,Rice Research Station,MP8_291,1,4,310,13,10,101,7909.931897
2021,Rice Research Station,MP8_089,1,4,311,13,11,91,9563.434697
2021,Rice Research Station,MP6_182,1,4,312,13,12,104,7723.700689
2021,Rice Research Station,MP6_256,1,4,313,13,13,98,9218.073544
2021,Rice Research Station,MP8_140,1,4,314,13,14,90,7226.922502
2021,Rice Research Station,MP8_046,1,4,315,13,15,94,8054.802805
2021,Rice Research Station,MP6_381,1,4,316,13,16,85,9471.967747
2021,Rice Research Station,ROYJ_MP,1,4,317,13,17,113,8735.137684
2021,Rice Research Station,MP6_248,1,4,318,13,18,94,8577.863989
2021,Rice Research Station,MP8_371,1,4,319,13,19,111,8885.887983
2021,Rice Research Station,MP8_027,1,1,31,2,20,92,6725.530205
2021,Rice Research Station,CL111_MP,1,4,320,13,20,95,6182.383629
2021,Rice Research Station,MP6_261,1,4,321,13,21,86,7217.860967
2021,Rice Research Station,MP6_441,1,4,322,13,22,88,7274.018238
2021,Rice Research Station,MP8_197,1,4,323,13,23,99,8217.766477
2021,Rice Research Station,MP6_307,1,4,324,13,24,95,8862.999273
2021,Rice Research Station,MP8_160,1,4,325,13,25,105,8437.349588
2021,Rice Research Station,MP8_378,1,4,326,14,25,102,7257.554429
2021,Rice Research Station,MP6_170,1,4,327,14,24,100,8716.847931
2021,Rice Research Station,MP6_400,1,4,328,14,23,97,8613.337322
2021,Rice Research Station,MP8_077,1,4,329,14,22,104,4675.93378
2021,Rice Research Station,MP8_113,1,1,32,2,19,102,8829.677676
2021,Rice Research Station,MP8_397,1,4,330,14,21,95,6155.449051
2021,Rice Research Station,MP6_384,1,4,331,14,20,98,8089.086622
2021,Rice Research Station,MP8_383,1,4,332,14,19,93,8304.669323
2021,Rice Research Station,MP6_055,1,4,333,14,18,92,8265.142545
2021,Rice Research Station,MP8_154,1,4,334,14,17,96,7312.022133
2021,Rice Research Station,CL172_MP,1,4,335,14,16,99,7234.377811
2021,Rice Research Station,MP6_247,1,4,336,14,15,101,9385.484641
2021,Rice Research Station,MP6_429,1,4,337,14,14,95,8207.50785
2021,Rice Research Station,MP8_183,1,4,338,14,13,104,7886.433277
2021,Rice Research Station,MP6_050,1,4,339,14,12,102,6861.475956
2021,Rice Research Station,CTHL_MP,1,1,33,2,18,106,7485.433845
2021,Rice Research Station,CPRS_MP,1,4,340,14,11,106,7492.040583
2021,Rice Research Station,MP8_112,1,4,341,14,10,120,7378.301653
2021,Rice Research Station,MP6_294,1,4,342,14,9,86,6159.782828
2021,Rice Research Station,MP6_199,1,4,343,14,8,102,8773.929539
2021,Rice Research Station,MP6_364,1,4,344,14,7,91,6413.611873
2021,Rice Research Station,MP8_045,1,4,345,14,6,86,7020.526348
2021,Rice Research Station,MP8_190,1,4,346,14,5,91,8326.989793
2021,Rice Research Station,MP6_074,1,4,347,14,4,87,8255.149096
2021,Rice Research Station,MP8_207,1,4,348,14,3,104,7714.154256
2021,Rice Research Station,CTHL_MP,1,4,349,14,2,108,8752.033355
2021,Rice Research Station,MP8_425,1,1,34,2,17,94,7908.689345
2021,Rice Research Station,MP6_089,1,4,350,14,1,97,9567.64725
2021,Rice Research Station,MP6_026,1,1,35,2,16,86,7670.104287
2021,Rice Research Station,MP8_102,1,1,36,2,15,113,6842.519468
2021,Rice Research Station,MP8_076,1,1,37,2,14,121,9125.435261
2021,Rice Research Station,MP8_169,1,1,38,2,13,110,6870.03744
2021,Rice Research Station,MP8_066,1,1,39,2,12,86,8200.499556
2021,Rice Research Station,MP6_333,1,1,3,1,3,103,7861.866365
2021,Rice Research Station,CL153_MP,1,1,40,2,11,104,8555.14954
2021,Rice Research Station,MP6_093,1,1,41,2,10,87,8107.800661
2021,Rice Research Station,MP6_286,1,1,42,2,9,100,8485.627263
2021,Rice Research Station,CL111_MP,1,1,43,2,8,105,8086.510601
2021,Rice Research Station,MP6_116,1,1,44,2,7,104,8095.511523
2021,Rice Research Station,MP8_262,1,1,45,2,6,101,8117.953217
2021,Rice Research Station,MP8_003,1,1,46,2,5,90,6459.790849
2021,Rice Research Station,MP6_409,1,1,47,2,4,94,9083.05213
2021,Rice Research Station,MP8_346,1,1,48,2,3,95,7449.718063
2021,Rice Research Station,MP6_163,1,1,49,2,2,92,6895.790079
2021,Rice Research Station,MP8_396,1,1,4,1,4,107,6967.38075
2021,Rice Research Station,ROYJ_MP,1,1,50,2,1,117,7635.918965
2021,Rice Research Station,MP8_217,1,1,51,3,1,122,7229.195462
2021,Rice Research Station,MP8_081,1,1,52,3,2,99,7547.682649
2021,Rice Research Station,CPRS_MP,1,1,53,3,3,113,7523.907485
2021,Rice Research Station,MP8_332,1,1,54,3,4,113,8841.906203
2021,Rice Research Station,MP8_069,1,1,55,3,5,110,7923.812108
2021,Rice Research Station,MP8_223,1,1,56,3,6,104,7204.624762
2021,Rice Research Station,MP8_363,1,1,57,3,7,106,7579.860189
2021,Rice Research Station,MP8_073,1,1,58,3,8,99,6080.107996
2021,Rice Research Station,MP6_315,1,1,59,3,9,92,7864.419657
2021,Rice Research Station,MP6_330,1,1,5,1,5,104,6854.157025
2021,Rice Research Station,MP8_067,1,1,60,3,10,102,7738.270364
2021,Rice Research Station,MP8_394,1,1,61,3,11,103,7582.716543
2021,Rice Research Station,MP8_031,1,1,62,3,12,108,8660.523976
2021,Rice Research Station,MP6_340,1,1,63,3,13,99,8274.628366
2021,Rice Research Station,MP8_240,1,1,64,3,14,121,8146.077312
2021,Rice Research Station,MP6_387,1,1,65,3,15,100,8479.550883
2021,Rice Research Station,MP6_259,1,1,66,3,16,104,6646.461496
2021,Rice Research Station,MP6_392,1,1,67,3,17,91,9072.975339
2021,Rice Research Station,MP8_057,1,1,68,3,18,108,5734.678653
2021,Rice Research Station,MP6_157,1,1,69,3,19,94,8269.756654
2021,Rice Research Station,MP8_260,1,1,6,1,6,96,6341.377197
2021,Rice Research Station,MP6_334,1,1,70,3,20,91,7027.220216
2021,Rice Research Station,PSDO_MP,1,1,71,3,21,102,7607.506962
2021,Rice Research Station,MP6_008,1,1,72,3,22,92,6220.334489
2021,Rice Research Station,MP6_092,1,1,73,3,23,94,6999.353724
2021,Rice Research Station,MP8_310,1,1,74,3,24,116,8207.757876
2021,Rice Research Station,MP8_307,1,1,75,3,25,101,8089.010857
2021,Rice Research Station,MP6_140,1,1,76,4,25,104,8414.044169
2021,Rice Research Station,MP6_124,1,1,77,4,24,102,7680.794777
2021,Rice Research Station,MP8_263,1,1,78,4,23,103,8069.675542
2021,Rice Research Station,MP8_128,1,1,79,4,22,98,8093.329481
2021,Rice Research Station,MP6_216,1,1,7,1,7,98,6875.704688
2021,Rice Research Station,MP8_094,1,1,80,4,21,113,6146.084455
2021,Rice Research Station,MP8_118,1,1,81,4,20,98,6923.861138
2021,Rice Research Station,MP6_164,1,1,82,4,19,110,8602.396807
2021,Rice Research Station,MP8_222,1,1,83,4,18,113,7977.95402
2021,Rice Research Station,MP8_308,1,1,84,4,17,116,8257.497822
2021,Rice Research Station,MP8_362,1,1,85,4,16,102,9001.649847
2021,Rice Research Station,MP6_043,1,1,86,4,15,104,7969.786516
2021,Rice Research Station,MP6_169,1,1,87,4,14,100,9318.985401
2021,Rice Research Station,MP8_123,1,1,88,4,13,103,9286.497223
2021,Rice Research Station,MP8_127,1,2,89,4,12,103,7171.644109
2021,Rice Research Station,MP6_042,1,1,8,1,8,89,8357.438368
2021,Rice Research Station,MP6_419,1,2,90,4,11,116,8741.736845
2021,Rice Research Station,MP8_116,1,2,91,4,10,98,7865.306111
2021,Rice Research Station,MP6_105,1,2,92,4,9,102,7895.051584
2021,Rice Research Station,LKST_MP,1,2,93,4,8,118,10418.70417
2021,Rice Research Station,MP6_391,1,2,94,4,7,113,7757.158664
2021,Rice Research Station,MP8_417,1,2,95,4,6,99,8134.015469
2021,Rice Research Station,MP8_181,1,2,96,4,5,96,8182.088578
2021,Rice Research Station,MP6_054,1,2,97,4,4,98,8837.329976
2021,Rice Research Station,CTHL_MP,1,2,98,4,3,111,8013.503118
2021,Rice Research Station,MP8_257,1,2,99,4,2,108,7539.454533
2021,Rice Research Station,MP6_347,1,1,9,1,9,95,8763.314814
2022,Arkansas,Avant,1,1,38,3,10,95,7434.406481
2022,Arkansas,CL111_MP,1,1,155,12,14,111,8126.378246
2022,Arkansas,CL153_MP,1,1,174,13,6,103,9434.136938
2022,Arkansas,CL172_MP,1,1,35,3,7,103,9003.011058
2022,Arkansas,CLL17,1,1,136,10,5,110,8037.799302
2022,Arkansas,CPRS_MP,1,1,40,3,12,110,7303.073433
2022,Arkansas,CTHL_MP,1,1,53,4,4,111,9582.657775
2022,Arkansas,LKST_MP,1,1,74,6,11,115,10418.82911
2022,Arkansas,MP6_006,1,1,146,11,6,116,9037.72011
2022,Arkansas,MP6_009,1,1,63,5,7,110,7917.262464
2022,Arkansas,MP6_011,1,1,54,4,3,99,7846.302046
2022,Arkansas,MP6_014,1,1,6,1,6,92,8433.21571
2022,Arkansas,MP6_028,1,1,84,6,1,106,9243.598419
2022,Arkansas,MP6_035,1,1,47,4,10,96,7044.527126
2022,Arkansas,MP6_042,1,1,24,2,5,84,9693.016719
2022,Arkansas,MP6_043,1,1,86,7,2,111,9416.907465
2022,Arkansas,MP6_050,1,1,26,2,3,100,9126.813159
2022,Arkansas,MP6_054,1,1,117,9,5,99,8477.227287
2022,Arkansas,MP6_055,1,1,111,8,2,93,8348.284134
2022,Arkansas,MP6_057,1,1,61,5,5,99,9973.572288
2022,Arkansas,MP6_059,1,1,104,8,9,111,9884.993344
2022,Arkansas,MP6_060,1,1,167,12,2,84,9786.965979
2022,Arkansas,MP6_069,1,1,32,3,4,100,7957.682252
2022,Arkansas,MP6_077,1,1,45,4,12,112,9508.508515
2022,Arkansas,MP6_082,1,1,11,1,11,95,7123.692386
2022,Arkansas,MP6_083,1,1,178,13,10,103,8644.749176
2022,Arkansas,MP6_084,1,1,67,5,11,91,7412.202692
2022,Arkansas,MP6_089,1,1,62,5,6,95,9282.406417
2022,Arkansas,MP6_093,1,1,77,6,8,80,8596.312125
2022,Arkansas,MP6_100,1,1,119,9,7,96,8100.221405
2022,Arkansas,MP6_124,1,1,100,8,13,97,9943.128921
2022,Arkansas,MP6_140,1,1,121,9,9,110,8404.814868
2022,Arkansas,MP6_142,1,1,171,13,3,112,6097.559158
2022,Arkansas,MP6_145,1,1,33,3,5,95,8491.295708
2022,Arkansas,MP6_147,1,1,79,6,6,100,9772.175032
2022,Arkansas,MP6_156,1,1,18,2,11,91,5161.99877
2022,Arkansas,MP6_157,1,1,122,9,10,98,10002.8346
2022,Arkansas,MP6_159,1,1,22,2,7,102,8215.401822
2022,Arkansas,MP6_164,1,1,88,7,4,102,8635.022861
2022,Arkansas,MP6_167,1,1,149,11,9,97,8684.974438
2022,Arkansas,MP6_169,1,1,29,3,1,91,9331.26031
2022,Arkansas,MP6_195,1,1,4,1,4,95,7974.779725
2022,Arkansas,MP6_199,1,1,98,7,14,105,7929.656569
2022,Arkansas,MP6_203,1,1,78,6,7,99,9386.769782
2022,Arkansas,MP6_204,1,1,173,13,5,103,8818.086012
2022,Arkansas,MP6_210,1,1,82,6,3,92,9739.786401
2022,Arkansas,MP6_214,1,1,37,3,9,84,7995.031304
2022,Arkansas,MP6_219,1,1,48,4,9,102,9398.621992
2022,Arkansas,MP6_231,1,1,34,3,6,107,7794.085626
2022,Arkansas,MP6_244,1,1,161,12,8,112,8364.075501
2022,Arkansas,MP6_247,1,1,46,4,11,107,10301.9188
2022,Arkansas,MP6_248,1,1,141,11,1,100,7833.296572
2022,Arkansas,MP6_263,1,1,85,7,1,104,9538.13904
2022,Arkansas,MP6_273,1,1,147,11,7,106,8011.878671
2022,Arkansas,MP6_282,1,1,103,8,10,106,9015.321795
2022,Arkansas,MP6_283,1,1,145,11,5,98,6964.333655
2022,Arkansas,MP6_286,1,1,95,7,11,100,9520.006409
2022,Arkansas,MP6_288,1,1,44,4,13,80,10156.10049
2022,Arkansas,MP6_289,1,1,127,10,14,90,8912.639693
2022,Arkansas,MP6_292,1,1,99,8,14,105,9975.052078
2022,Arkansas,MP6_294,1,1,69,5,13,100,7695.460788
2022,Arkansas,MP6_295,1,1,139,10,2,100,9583.922196
2022,Arkansas,MP6_297,1,1,91,7,7,100,9335.039679
2022,Arkansas,MP6_298,1,1,118,9,6,90,7503.261847
2022,Arkansas,MP6_300,1,1,55,4,2,98,9858.732292
2022,Arkansas,MP6_301,1,1,114,9,2,94,8317.896345
2022,Arkansas,MP6_307,1,1,116,9,4,104,8715.654016
2022,Arkansas,MP6_310,1,1,66,5,10,110,8127.698246
2022,Arkansas,MP6_322,1,1,92,7,8,100,8002.06204
2022,Arkansas,MP6_323,1,1,8,1,8,107,8781.695698
2022,Arkansas,MP6_325,1,1,180,13,12,106,8990.707269
2022,Arkansas,MP6_334,1,1,185,14,12,99,9149.19758
2022,Arkansas,MP6_339,1,1,25,2,4,91,9606.125985
2022,Arkansas,MP6_340,1,1,183,14,14,95,8796.139276
2022,Arkansas,MP6_341,1,1,59,5,3,122,7553.248161
2022,Arkansas,MP6_357,1,1,164,12,5,101,8477.227287
2022,Arkansas,MP6_363,1,1,120,9,8,93,8014.240777
2022,Arkansas,MP6_364,1,1,150,11,10,87,6671.001876
2022,Arkansas,MP6_384,1,1,57,5,1,100,8726.644752
2022,Arkansas,MP6_387,1,1,2,1,2,110,9439.910201
2022,Arkansas,MP6_388,1,1,148,11,8,117,9376.751677
2022,Arkansas,MP6_392,1,1,94,7,10,86,9428.460938
2022,Arkansas,MP6_397,1,1,3,1,3,98,9590.661143
2022,Arkansas,MP6_400,1,1,36,3,8,92,9846.400714
2022,Arkansas,MP6_406,1,1,70,5,14,98,8314.47824
2022,Arkansas,MP6_408,1,1,165,12,4,112,7833.67173
2022,Arkansas,MP6_409,1,1,89,7,5,93,11110.87035
2022,Arkansas,MP6_415,1,1,163,12,6,94,8889.504957
2022,Arkansas,MP6_419,1,1,41,3,13,107,7947.823937
2022,Arkansas,MP6_426,1,1,115,9,3,105,9223.11063
2022,Arkansas,MP6_428,1,1,43,4,14,117,7529.238057
2022,Arkansas,MP6_434,1,1,182,13,14,108,7753.374049
2022,Arkansas,MP8_001,1,1,177,13,9,96,9912.692501
2022,Arkansas,MP8_012,1,1,156,12,13,97,9118.941791
2022,Arkansas,MP8_017,1,1,10,1,10,92,7897.768149
2022,Arkansas,MP8_018,1,1,188,14,9,105,6470.952409
2022,Arkansas,MP8_035,1,1,93,7,9,103,8234.965611
2022,Arkansas,MP8_041,1,1,60,5,4,102,8495.068129
2022,Arkansas,MP8_046,1,1,134,10,7,90,8120.806457
2022,Arkansas,MP8_053,1,1,140,10,1,108,10439.64343
2022,Arkansas,MP8_058,1,1,144,11,4,92,7610.049843
2022,Arkansas,MP8_069,1,1,31,3,3,105,8611.123914
2022,Arkansas,MP8_073,1,1,58,5,2,95,8082.484774
2022,Arkansas,MP8_074,1,1,186,14,11,102,9453.978622
2022,Arkansas,MP8_076,1,1,132,10,9,132,8840.762222
2022,Arkansas,MP8_079,1,1,20,2,9,94,9071.025793
2022,Arkansas,MP8_081,1,1,135,10,6,106,9166.670211
2022,Arkansas,MP8_083,1,1,124,9,12,111,6234.199996
2022,Arkansas,MP8_085,1,1,131,10,10,107,10326.34575
2022,Arkansas,MP8_086,1,1,76,6,9,100,9042.597162
2022,Arkansas,MP8_087,1,1,105,8,8,98,8869.691063
2022,Arkansas,MP8_089,1,1,1,1,1,95,9953.68892
2022,Arkansas,MP8_093,1,1,30,3,2,91,8649.264965
2022,Arkansas,MP8_094,1,1,16,2,13,110,7829.920151
2022,Arkansas,MP8_096,1,1,90,7,6,102,7757.139522
2022,Arkansas,MP8_097,1,1,71,6,14,111,6648.735561
2022,Arkansas,MP8_104,1,1,151,11,11,97,9331.399258
2022,Arkansas,MP8_105,1,1,7,1,7,105,8658.706439
2022,Arkansas,MP8_113,1,1,42,3,14,113,7868.589203
2022,Arkansas,MP8_114,1,1,97,7,13,96,7046.423757
2022,Arkansas,MP8_116,1,1,15,2,14,105,6898.945026
2022,Arkansas,MP8_118,1,1,14,1,14,85,7732.399944
2022,Arkansas,MP8_119,1,1,162,12,7,115,8518.209812
2022,Arkansas,MP8_120,1,1,21,2,8,87,8224.773822
2022,Arkansas,MP8_124,1,1,137,10,4,102,9672.82072
2022,Arkansas,MP8_128,1,1,128,10,13,91,7875.203097
2022,Arkansas,MP8_131,1,1,158,12,11,91,8992.951269
2022,Arkansas,MP8_132,1,1,123,9,11,91,8342.399713
2022,Arkansas,MP8_133,1,1,51,4,6,100,7747.343733
2022,Arkansas,MP8_141,1,1,107,8,6,113,9706.056929
2022,Arkansas,MP8_145,1,1,12,1,12,100,8106.953405
2022,Arkansas,MP8_148,1,1,87,7,3,115,6881.333447
2022,Arkansas,MP8_153,1,1,23,2,6,105,9053.907478
2022,Arkansas,MP8_154,1,1,157,12,12,107,8496.46455
2022,Arkansas,MP8_159,1,1,110,8,3,95,9419.408518
2022,Arkansas,MP8_160,1,1,73,6,12,110,8169.785403
2022,Arkansas,MP8_168,1,1,169,13,1,96,5843.146536
2022,Arkansas,MP8_171,1,1,172,13,4,103,9232.45484
2022,Arkansas,MP8_172,1,1,68,5,12,95,8369.688975
2022,Arkansas,MP8_179,1,1,187,14,10,108,8249.617611
2022,Arkansas,MP8_183,1,1,49,4,8,97,8363.686449
2022,Arkansas,MP8_185,1,1,159,12,10,113,7671.395104
2022,Arkansas,MP8_190,1,1,19,2,10,89,7819.957625
2022,Arkansas,MP8_194,1,1,108,8,5,94,9766.457348
2022,Arkansas,MP8_197,1,1,189,14,8,108,9372.777783
2022,Arkansas,MP8_202,1,1,102,8,11,100,8222.675717
2022,Arkansas,MP8_213,1,1,50,4,7,108,7842.88394
2022,Arkansas,MP8_217,1,1,125,9,13,131,7516.593846
2022,Arkansas,MP8_221,1,1,101,8,12,96,6107.570316
2022,Arkansas,MP8_224,1,1,154,11,14,100,8187.292771
2022,Arkansas,MP8_229,1,1,96,7,12,98,7710.001629
2022,Arkansas,MP8_234,1,1,83,6,2,100,8394.782869
2022,Arkansas,MP8_256,1,1,133,10,8,100,8064.574459
2022,Arkansas,MP8_260,1,1,184,14,13,99,8802.537802
2022,Arkansas,MP8_261,1,1,65,5,9,103,7650.115316
2022,Arkansas,MP8_263,1,1,170,13,2,109,7950.943305
2022,Arkansas,MP8_264,1,1,175,13,7,101,8205.369823
2022,Arkansas,MP8_274,1,1,129,10,12,89,8788.823697
2022,Arkansas,MP8_291,1,1,153,11,13,112,8267.687715
2022,Arkansas,MP8_301,1,1,113,9,1,105,9270.686207
2022,Arkansas,MP8_320,1,1,39,3,11,125,7754.735733
2022,Arkansas,MP8_322,1,1,176,13,8,104,8310.615503
2022,Arkansas,MP8_328,1,1,27,2,2,96,8445.70013
2022,Arkansas,MP8_332,1,1,142,11,2,115,7569.914897
2022,Arkansas,MP8_339,1,1,166,12,3,111,8350.903291
2022,Arkansas,MP8_343,1,1,126,9,14,101,7677.758894
2022,Arkansas,MP8_346,1,1,81,6,4,96,7879.830044
2022,Arkansas,MP8_347,1,1,179,13,11,99,10762.75163
2022,Arkansas,MP8_352,1,1,75,6,10,112,6678.14377
2022,Arkansas,MP8_356,1,1,130,10,11,93,8342.364976
2022,Arkansas,MP8_362,1,1,72,6,13,102,9093.84095
2022,Arkansas,MP8_364,1,1,9,1,9,97,7587.693212
2022,Arkansas,MP8_369,1,1,109,8,4,111,10124.2607
2022,Arkansas,MP8_379,1,1,56,4,1,100,9826.357556
2022,Arkansas,MP8_382,1,1,138,10,3,102,8616.126019
2022,Arkansas,MP8_385,1,1,106,8,7,96,10105.1207
2022,Arkansas,MP8_394,1,1,160,12,9,106,8240.592979
2022,Arkansas,MP8_396,1,1,5,1,5,109,9421.944307
2022,Arkansas,MP8_401,1,1,143,11,3,96,8234.326453
2022,Arkansas,MP8_403,1,1,168,12,1,97,8115.998878
2022,Arkansas,MP8_410,1,1,64,5,8,105,8291.419925
2022,Arkansas,MP8_419,1,1,17,2,12,103,7271.05996
2022,Arkansas,MP8_420,1,1,52,4,5,97,8428.046868
2022,Arkansas,MP8_425,1,1,181,13,13,94,6950.702919
2022,Arkansas,MP8_431,1,1,112,8,1,125,7623.833422
2022,Arkansas,MP8_433,1,1,28,2,1,110,7741.758049
2022,Arkansas,PSDO_MP,1,1,13,1,13,101,5695.605278
2022,Arkansas,ROYJ_MP,1,1,80,6,5,115,7020.649021
2022,Arkansas,CLL19,1,1,152,11,12,102,9456.604727
2022,Arkansas,Avant,2,2,279,20,2,105,9178.432105
2022,Arkansas,CL111_MP,2,2,190,14,7,110,10565.759
2022,Arkansas,CL153_MP,2,2,378,27,14,104,8680.514227
2022,Arkansas,CL172_MP,2,2,359,26,6,104,8920.399903
2022,Arkansas,CLL17,2,2,281,21,1,108,9450.060306
2022,Arkansas,CPRS_MP,2,2,322,23,14,101,6986.794496
2022,Arkansas,CTHL_MP,2,2,332,24,5,115,9984.743656
2022,Arkansas,LKST_MP,2,2,342,25,6,121,10185.88386
2022,Arkansas,MP6_006,2,2,245,18,8,105,9200.941578
2022,Arkansas,MP6_009,2,2,268,20,13,110,9563.69146
2022,Arkansas,MP6_011,2,2,369,27,5,90,8432.965604
2022,Arkansas,MP6_014,2,2,352,26,13,95,8554.711284
2022,Arkansas,MP6_028,2,2,329,24,8,102,9630.893353
2022,Arkansas,MP6_035,2,2,365,27,1,98,6887.356815
2022,Arkansas,MP6_042,2,2,331,24,6,88,9861.038818
2022,Arkansas,MP6_043,2,2,295,22,14,109,9322.395468
2022,Arkansas,MP6_050,2,2,234,17,10,101,8748.626225
2022,Arkansas,MP6_054,2,2,207,15,11,92,8483.570234
2022,Arkansas,MP6_055,2,2,303,22,6,92,7501.031742
2022,Arkansas,MP6_057,2,2,219,16,6,101,9890.370607
2022,Arkansas,MP6_059,2,2,255,19,3,110,9034.385373
2022,Arkansas,MP6_060,2,2,371,27,7,90,9271.401786
2022,Arkansas,MP6_069,2,2,246,18,7,100,8165.43635
2022,Arkansas,MP6_077,2,2,229,17,5,108,9542.814619
2022,Arkansas,MP6_082,2,2,340,25,4,97,8259.204979
2022,Arkansas,MP6_083,2,2,289,21,9,100,9070.247688
2022,Arkansas,MP6_084,2,2,299,22,10,96,8252.035295
2022,Arkansas,MP6_089,2,2,253,19,1,99,8704.579911
2022,Arkansas,MP6_093,2,2,362,26,3,85,8720.836752
2022,Arkansas,MP6_100,2,2,339,25,3,89,7533.614898
2022,Arkansas,MP6_124,2,2,216,16,9,98,9551.415461
2022,Arkansas,MP6_140,2,2,323,24,14,104,8794.951276
2022,Arkansas,MP6_142,2,2,241,18,12,110,6764.263346
2022,Arkansas,MP6_145,2,2,283,21,3,97,8184.062244
2022,Arkansas,MP6_147,2,2,240,18,13,99,9810.031241
2022,Arkansas,MP6_156,2,2,307,22,2,90,6233.046733
2022,Arkansas,MP6_157,2,2,200,15,4,96,10292.45649
2022,Arkansas,MP6_159,2,2,320,23,12,105,7308.742485
2022,Arkansas,MP6_164,2,2,273,20,8,107,8818.711275
2022,Arkansas,MP6_167,2,2,204,15,8,96,9067.010214
2022,Arkansas,MP6_169,2,2,221,16,4,98,8725.144121
2022,Arkansas,MP6_195,2,2,202,15,6,100,7982.922041
2022,Arkansas,MP6_199,2,2,306,22,3,107,8731.799699
2022,Arkansas,MP6_203,2,2,284,21,4,100,9317.32389
2022,Arkansas,MP6_204,2,2,213,16,12,104,9531.094409
2022,Arkansas,MP6_210,2,2,251,18,2,84,9739.091665
2022,Arkansas,MP6_214,2,2,218,16,7,91,8797.799697
2022,Arkansas,MP6_219,2,2,238,17,14,105,9424.556518
2022,Arkansas,MP6_231,2,2,292,21,12,110,8967.273796
2022,Arkansas,MP6_244,2,2,267,20,14,105,9514.497146
2022,Arkansas,MP6_247,2,2,358,26,7,107,10308.86617
2022,Arkansas,MP6_248,2,2,305,22,4,92,8831.286012
2022,Arkansas,MP6_263,2,2,355,26,10,106,9490.271673
2022,Arkansas,MP6_273,2,2,203,15,7,111,8001.589619
2022,Arkansas,MP6_282,2,2,377,27,13,101,9402.623676
2022,Arkansas,MP6_283,2,2,278,20,3,97,7608.257422
2022,Arkansas,MP6_286,2,2,225,17,1,109,9045.959689
2022,Arkansas,MP6_288,2,2,208,15,12,82,9556.771881
2022,Arkansas,MP6_289,2,2,274,20,7,96,8579.096547
2022,Arkansas,MP6_292,2,2,256,19,4,95,10066.18071
2022,Arkansas,MP6_294,2,2,338,25,2,93,8328.254871
2022,Arkansas,MP6_295,2,2,211,16,14,100,8979.056533
2022,Arkansas,MP6_297,2,2,220,16,5,106,8643.707071
2022,Arkansas,MP6_298,2,2,290,21,10,91,7180.521858
2022,Arkansas,MP6_300,2,2,239,18,14,103,9311.286627
2022,Arkansas,MP6_301,2,2,192,14,5,95,9700.846403
2022,Arkansas,MP6_307,2,2,376,27,12,100,9087.588319
2022,Arkansas,MP6_310,2,2,270,20,11,102,8860.6178
2022,Arkansas,MP6_322,2,2,257,19,5,102,8677.089175
2022,Arkansas,MP6_323,2,2,326,24,11,100,9635.471668
2022,Arkansas,MP6_325,2,2,361,26,4,105,8135.541825
2022,Arkansas,MP6_334,2,2,276,20,5,100,7857.556782
2022,Arkansas,MP6_339,2,2,260,19,8,98,9029.494426
2022,Arkansas,MP6_340,2,2,310,23,2,95,8668.147912
2022,Arkansas,MP6_341,2,2,348,25,12,118,7865.525413
2022,Arkansas,MP6_357,2,2,235,17,11,105,9349.962625
2022,Arkansas,MP6_363,2,2,199,15,3,87,6856.267343
2022,Arkansas,MP6_364,2,2,309,23,1,90,8003.055514
2022,Arkansas,MP6_384,2,2,311,23,3,96,9126.035054
2022,Arkansas,MP6_387,2,2,252,18,1,105,10244.53354
2022,Arkansas,MP6_388,2,2,353,26,12,109,10181.78491
2022,Arkansas,MP6_392,2,2,357,26,8,96,9792.371031
2022,Arkansas,MP6_397,2,2,350,25,14,105,9653.673773
2022,Arkansas,MP6_400,2,2,191,14,6,90,8766.724119
2022,Arkansas,MP6_406,2,2,263,19,11,89,8105.084563
2022,Arkansas,MP6_408,2,2,345,25,9,112,8394.1715
2022,Arkansas,MP6_409,2,2,247,18,6,94,11293.34993
2022,Arkansas,MP6_415,2,2,286,21,6,92,8647.410018
2022,Arkansas,MP6_419,2,2,318,23,10,109,9209.813367
2022,Arkansas,MP6_426,2,2,367,27,3,102,9601.790827
2022,Arkansas,MP6_428,2,2,224,16,1,110,8730.576963
2022,Arkansas,MP6_434,2,2,272,20,9,94,8332.923503
2022,Arkansas,MP8_001,2,2,354,26,11,95,10223.67754
2022,Arkansas,MP8_012,2,2,363,26,2,93,9719.673771
2022,Arkansas,MP8_017,2,2,337,25,1,99,8225.329611
2022,Arkansas,MP8_018,2,2,319,23,11,102,6845.380817
2022,Arkansas,MP8_035,2,2,285,21,5,111,7543.897003
2022,Arkansas,MP8_041,2,2,374,27,10,110,8590.281809
2022,Arkansas,MP8_046,2,2,258,19,6,94,7309.951327
2022,Arkansas,MP8_053,2,2,254,19,2,102,8668.682859
2022,Arkansas,MP8_058,2,2,259,19,7,96,6328.121466
2022,Arkansas,MP8_069,2,2,336,24,1,99,9388.576098
2022,Arkansas,MP8_073,2,2,300,22,9,100,8141.586035
2022,Arkansas,MP8_074,2,2,375,27,11,107,9183.99
2022,Arkansas,MP8_076,2,2,335,24,2,127,8815.640539
2022,Arkansas,MP8_079,2,2,291,21,11,94,7822.792152
2022,Arkansas,MP8_081,2,2,223,16,2,108,9376.168098
2022,Arkansas,MP8_083,2,2,243,18,10,107,6432.345884
2022,Arkansas,MP8_085,2,2,287,21,7,105,8845.09738
2022,Arkansas,MP8_086,2,2,237,17,13,96,8863.9178
2022,Arkansas,MP8_087,2,2,321,23,13,99,8387.529816
2022,Arkansas,MP8_089,2,2,347,25,11,95,10522.61585
2022,Arkansas,MP8_093,2,2,193,14,4,95,9180.863684
2022,Arkansas,MP8_094,2,2,242,18,11,111,9055.581793
2022,Arkansas,MP8_096,2,2,297,22,12,94,7740.51447
2022,Arkansas,MP8_097,2,2,293,21,13,110,6435.270726
2022,Arkansas,MP8_104,2,2,231,17,7,100,9547.90704
2022,Arkansas,MP8_105,2,2,262,19,10,107,8495.575286
2022,Arkansas,MP8_113,2,2,366,27,2,106,8356.947502
2022,Arkansas,MP8_114,2,2,228,17,4,102,6549.054722
2022,Arkansas,MP8_116,2,2,372,27,8,106,8513.054865
2022,Arkansas,MP8_118,2,2,215,16,10,93,9157.395474
2022,Arkansas,MP8_119,2,2,308,22,1,110,8709.540332
2022,Arkansas,MP8_120,2,2,296,22,13,83,7672.117631
2022,Arkansas,MP8_124,2,2,217,16,8,99,9617.922616
2022,Arkansas,MP8_128,2,2,315,23,7,98,7504.394268
2022,Arkansas,MP8_131,2,2,222,16,3,89,8681.681385
2022,Arkansas,MP8_132,2,2,324,24,13,89,9500.456515
2022,Arkansas,MP8_133,2,2,373,27,9,98,7251.454487
2022,Arkansas,MP8_141,2,2,201,15,5,117,8869.524326
2022,Arkansas,MP8_145,2,2,209,15,13,97,8770.190856
2022,Arkansas,MP8_148,2,2,301,22,8,120,7365.884588
2022,Arkansas,MP8_153,2,2,269,20,12,100,9884.305554
2022,Arkansas,MP8_154,2,2,330,24,7,99,8414.60371
2022,Arkansas,MP8_159,2,2,214,16,11,100,8955.894007
2022,Arkansas,MP8_160,2,2,261,19,9,106,7818.005415
2022,Arkansas,MP8_168,2,2,325,24,12,97,6416.485042
2022,Arkansas,MP8_171,2,2,344,25,8,102,9908.746396
2022,Arkansas,MP8_172,2,2,328,24,9,99,8544.345811
2022,Arkansas,MP8_179,2,2,236,17,12,113,8149.262877
2022,Arkansas,MP8_183,2,2,368,27,4,96,9045.806846
2022,Arkansas,MP8_185,2,2,370,27,6,115,8093.656142
2022,Arkansas,MP8_190,2,2,346,25,10,110,10943.63331
2022,Arkansas,MP8_194,2,2,195,14,2,87,8909.117377
2022,Arkansas,MP8_197,2,2,280,20,1,107,9268.525576
2022,Arkansas,MP8_202,2,2,232,17,8,100,7655.193842
2022,Arkansas,MP8_213,2,2,266,19,14,120,8200.715086
2022,Arkansas,MP8_217,2,2,244,18,9,130,7608.535317
2022,Arkansas,MP8_221,2,2,250,18,3,95,6171.708419
2022,Arkansas,MP8_224,2,2,316,23,8,101,8540.260759
2022,Arkansas,MP8_229,2,2,351,26,14,90,8020.180776
2022,Arkansas,MP8_234,2,2,304,22,5,97,8863.799695
2022,Arkansas,MP8_256,2,2,364,26,1,101,8112.163931
2022,Arkansas,MP8_260,2,2,226,17,2,101,7647.913
2022,Arkansas,MP8_261,2,2,271,20,10,106,8298.992556
2022,Arkansas,MP8_263,2,2,196,14,1,106,8098.616563
2022,Arkansas,MP8_264,2,2,277,20,4,99,8880.931905
2022,Arkansas,MP8_274,2,2,205,15,9,85,7078.263546
2022,Arkansas,MP8_291,2,2,312,23,4,109,8607.059704
2022,Arkansas,MP8_301,2,2,227,17,3,95,8399.840553
2022,Arkansas,MP8_320,2,2,302,22,7,128,7328.778695
2022,Arkansas,MP8_322,2,2,314,23,6,97,7416.100166
2022,Arkansas,MP8_328,2,2,313,23,5,95,8625.852335
2022,Arkansas,MP8_332,2,2,210,15,14,116,7931.115516
2022,Arkansas,MP8_339,2,2,197,15,1,114,7415.731955
2022,Arkansas,MP8_343,2,2,206,15,10,100,8996.59169
2022,Arkansas,MP8_346,2,2,298,22,11,82,7749.636365
2022,Arkansas,MP8_347,2,2,288,21,8,103,9057.144951
2022,Arkansas,MP8_352,2,2,343,25,7,113,7375.499746
2022,Arkansas,MP8_356,2,2,248,18,5,94,9914.46408
2022,Arkansas,MP8_362,2,2,212,16,13,97,9589.035459
2022,Arkansas,MP8_364,2,2,317,23,9,94,8175.551718
2022,Arkansas,MP8_369,2,2,294,21,14,111,7699.490261
2022,Arkansas,MP8_379,2,2,233,17,9,98,8844.555485
2022,Arkansas,MP8_382,2,2,341,25,5,108,7915.761833
2022,Arkansas,MP8_385,2,2,249,18,4,93,10090.07965
2022,Arkansas,MP8_394,2,2,198,15,2,94,8279.150873
2022,Arkansas,MP8_396,2,2,334,24,3,112,9978.046393
2022,Arkansas,MP8_401,2,2,360,26,5,91,8243.538664
2022,Arkansas,MP8_403,2,2,282,21,2,98,7271.58796
2022,Arkansas,MP8_410,2,2,275,20,6,103,7475.159743
2022,Arkansas,MP8_419,2,2,194,14,3,105,8502.078023
2022,Arkansas,MP8_420,2,2,264,19,12,91,8022.751303
2022,Arkansas,MP8_425,2,2,356,26,9,91,7870.166255
2022,Arkansas,MP8_431,2,2,333,24,4,120,7471.561006
2022,Arkansas,MP8_433,2,2,230,17,6,105,7549.63553
2022,Arkansas,PSDO_MP,2,2,349,25,13,98,6997.917233
2022,Arkansas,ROYJ_MP,2,2,265,19,13,114,7446.967323
2022,Arkansas,CLL19,2,2,327,24,10,92,9860.587239
2022,Rice Research Station,Cheniere,1,1,201,12,4,102,9705.691701
2022,Rice Research Station,Cheniere,1,1,202,12,3,94,9937.003287
2022,Rice Research Station,Cheniere,1,1,203,12,2,91,8926.983104
2022,Rice Research Station,Cheniere,1,1,204,12,1,99,9483.699252
2022,Rice Research Station,MP8_396,1,1,100,6,3,99,10178.45985
2022,Rice Research Station,MP8_339,1,2,101,6,2,107,8478.081035
2022,Rice Research Station,MP8_087,1,2,102,6,1,102,9255.41828
2022,Rice Research Station,MP6_054,1,2,103,7,1,85,7559.63842
2022,Rice Research Station,MP8_171,1,2,104,7,2,97,10582.40277
2022,Rice Research Station,MP8_347,1,2,105,7,3,97,11005.62796
2022,Rice Research Station,MP6_341,1,2,106,7,4,98,8471.231849
2022,Rice Research Station,MP6_167,1,2,107,7,5,87,8808.243662
2022,Rice Research Station,MP6_400,1,2,108,7,6,89,10139.03915
2022,Rice Research Station,MP8_385,1,2,109,7,7,95,9757.303051
2022,Rice Research Station,MP6_282,1,1,10,1,10,94,9643.488356
2022,Rice Research Station,MP6_214,1,2,110,7,8,87,9119.01036
2022,Rice Research Station,MP8_261,1,2,111,7,9,95,7913.083735
2022,Rice Research Station,Avant,1,2,112,7,10,94,9209.640861
2022,Rice Research Station,CL172_MP,1,2,113,7,11,86,8944.431862
2022,Rice Research Station,MP6_419,1,2,114,7,12,103,9450.998931
2022,Rice Research Station,MP8_154,1,2,115,7,13,84,7599.945581
2022,Rice Research Station,MP6_357,1,2,116,7,14,91,8004.684032
2022,Rice Research Station,MP8_320,1,2,117,7,15,120,8215.160149
2022,Rice Research Station,MP8_132,1,2,118,7,16,78,7647.117083
2022,Rice Research Station,PSDO_MP,1,2,119,7,17,105,6851.497661
2022,Rice Research Station,MP8_352,1,1,11,1,11,97,7838.871584
2022,Rice Research Station,MP6_364,1,2,120,8,17,81,8057.075766
2022,Rice Research Station,MP8_083,1,2,121,8,16,104,5896.937708
2022,Rice Research Station,MP6_434,1,2,122,8,15,95,8611.35227
2022,Rice Research Station,MP6_384,1,2,123,8,14,93,8140.334299
2022,Rice Research Station,MP6_199,1,2,124,8,13,105,9438.740099
2022,Rice Research Station,MP6_164,1,2,125,8,12,98,10132.72032
2022,Rice Research Station,MP8_118,1,2,126,8,11,94,9120.290795
2022,Rice Research Station,MP6_084,1,2,127,8,10,92,7760.590834
2022,Rice Research Station,MP6_043,1,2,128,8,9,106,10275.90166
2022,Rice Research Station,MP8_116,1,2,129,8,8,88,8546.103159
2022,Rice Research Station,MP6_142,1,1,12,1,12,98,6714.036603
2022,Rice Research Station,MP6_145,1,2,130,8,7,90,8937.537216
2022,Rice Research Station,MP6_247,1,2,131,8,6,100,9885.55862
2022,Rice Research Station,MP8_379,1,2,132,8,5,90,9455.878219
2022,Rice Research Station,MP8_364,1,2,133,8,4,96,9522.475954
2022,Rice Research Station,MP6_093,1,2,134,8,3,86,9707.904049
2022,Rice Research Station,MP6_089,1,2,135,8,2,89,9936.457776
2022,Rice Research Station,MP8_120,1,2,136,8,1,83,8388.927959
2022,Rice Research Station,MP8_113,1,2,137,9,1,103,10431.62974
2022,Rice Research Station,MP6_298,1,2,138,9,2,88,7521.770903
2022,Rice Research Station,MP6_082,1,2,139,9,3,90,7454.0973
2022,Rice Research Station,MP6_140,1,1,13,1,13,100,9684.174344
2022,Rice Research Station,MP6_248,1,2,140,9,4,84,9681.249802
2022,Rice Research Station,MP8_263,1,2,141,9,5,103,8068.584521
2022,Rice Research Station,MP6_301,1,2,142,9,6,98,8877.515913
2022,Rice Research Station,CL153_MP,1,2,143,9,7,93,10708.74905
2022,Rice Research Station,MP8_213,1,2,144,9,8,97,8450.752477
2022,Rice Research Station,CL111_MP,1,2,145,9,9,108,10304.23032
2022,Rice Research Station,MP8_433,1,2,146,9,10,102,8785.264034
2022,Rice Research Station,MP8_141,1,2,147,9,11,102,10440.19122
2022,Rice Research Station,MP8_197,1,2,148,9,12,104,8642.597897
2022,Rice Research Station,MP8_328,1,2,149,9,13,93,7762.000069
2022,Rice Research Station,CTHL_MP,1,1,14,1,14,105,9447.695562
2022,Rice Research Station,CTHL_MP,1,2,150,9,14,99,10057.57625
2022,Rice Research Station,MP6_428,1,2,151,9,15,104,8715.75691
2022,Rice Research Station,MP8_079,1,2,152,9,16,99,9594.286344
2022,Rice Research Station,MP8_145,1,2,153,9,17,98,8033.096035
2022,Rice Research Station,MP6_408,1,2,154,10,17,103,8742.153555
2022,Rice Research Station,MP6_169,1,2,155,10,16,88,8555.194999
2022,Rice Research Station,MP6_292,1,2,156,10,15,95,8559.240869
2022,Rice Research Station,MP8_431,1,2,157,10,14,114,5975.309376
2022,Rice Research Station,MP6_147,1,2,158,10,13,91,9318.955095
2022,Rice Research Station,MP6_392,1,2,159,10,12,94,10112.67281
2022,Rice Research Station,MP8_369,1,1,15,1,15,98,10493.80278
2022,Rice Research Station,ROYJ_MP,1,2,160,10,11,106,8498.704361
2022,Rice Research Station,MP8_190,1,2,161,10,10,93,8405.861513
2022,Rice Research Station,MP6_060,1,2,162,10,9,86,9916.849706
2022,Rice Research Station,MP6_203,1,2,163,10,8,93,10095.44377
2022,Rice Research Station,MP6_083,1,2,164,10,7,94,8793.628527
2022,Rice Research Station,MP8_419,1,2,165,10,6,105,7829.166044
2022,Rice Research Station,MP6_297,1,2,166,10,5,101,8130.674218
2022,Rice Research Station,MP8_185,1,2,167,10,4,104,7455.082249
2022,Rice Research Station,LKST_MP,1,2,168,10,3,109,9339.328395
2022,Rice Research Station,MP6_231,1,2,169,10,2,98,9758.636521
2022,Rice Research Station,MP6_363,1,1,16,1,16,87,8024.095113
2022,Rice Research Station,CPRS_MP,1,2,170,10,1,102,7909.560647
2022,Rice Research Station,MP8_194,1,2,171,11,1,86,8831.685458
2022,Rice Research Station,MP8_104,1,2,172,11,2,85,9594.074201
2022,Rice Research Station,MP6_289,1,2,173,11,3,94,8880.705634
2022,Rice Research Station,MP8_343,1,2,174,11,4,93,8727.682375
2022,Rice Research Station,MP8_264,1,2,175,11,5,97,7613.621225
2022,Rice Research Station,MP6_273,1,2,176,11,6,89,7722.51875
2022,Rice Research Station,MP6_300,1,2,177,11,7,93,9264.707111
2022,Rice Research Station,CLL17,1,2,178,11,8,105,9886.081401
2022,Rice Research Station,MP8_217,1,2,179,11,9,108,7957.9747
2022,Rice Research Station,MP8_346,1,1,17,1,17,84,9065.406382
2022,Rice Research Station,MP8_332,1,2,180,11,10,110,10025.66389
2022,Rice Research Station,MP8_133,1,2,181,11,11,97,8535.609659
2022,Rice Research Station,MP8_202,1,2,182,11,12,96,7312.620679
2022,Rice Research Station,MP8_046,1,2,183,11,13,81,6430.742417
2022,Rice Research Station,MP8_229,1,2,184,11,14,91,7375.899892
2022,Rice Research Station,MP8_097,1,2,185,11,15,100,5761.272288
2022,Rice Research Station,MP6_322,1,2,186,11,16,101,9364.596136
2022,Rice Research Station,MP8_291,1,2,187,11,17,96,7520.384397
2022,Rice Research Station,MP6_283,1,2,188,12,17,88,6448.191175
2022,Rice Research Station,MP8_160,1,2,189,12,16,93,6145.357107
2022,Rice Research Station,MP8_274,1,1,18,2,17,96,8763.898208
2022,Rice Research Station,MP6_325,1,2,190,12,15,99,7630.327483
2022,Rice Research Station,MP8_224,1,2,191,12,14,96,8866.363255
2022,Rice Research Station,MP8_093,1,2,192,12,13,92,10052.60604
2022,Rice Research Station,MP8_172,1,2,193,12,12,91,6619.708754
2022,Rice Research Station,MP8_153,1,2,194,12,11,99,9820.309509
2022,Rice Research Station,MP6_409,1,2,195,12,10,94,10956.75932
2022,Rice Research Station,CLL19,1,2,196,12,9,92,10774.9225
2022,Rice Research Station,MP8_410,1,2,197,12,8,100,8866.120805
2022,Rice Research Station,MP8_105,1,2,198,12,7,102,9438.391578
2022,Rice Research Station,MP6_042,1,2,199,12,6,85,9547.039077
2022,Rice Research Station,MP6_388,1,1,19,2,16,101,9019.439549
2022,Rice Research Station,MP8_131,1,1,1,1,1,97,9049.404742
2022,Rice Research Station,MP8_035,1,2,200,12,5,94,8657.250914
2022,Rice Research Station,MP8_076,1,1,20,2,15,106,8987.898438
2022,Rice Research Station,MP8_382,1,1,21,2,14,90,7936.396731
2022,Rice Research Station,MP8_073,1,1,22,2,13,94,8333.740484
2022,Rice Research Station,MP6_009,1,1,23,2,12,98,10050.33308
2022,Rice Research Station,MP8_401,1,1,24,2,11,94,9069.111307
2022,Rice Research Station,MP8_183,1,1,25,2,10,94,9018.090926
2022,Rice Research Station,MP6_210,1,1,26,2,9,88,9014.2572
2022,Rice Research Station,PSDO_MP,1,1,27,2,8,95,7731.883346
2022,Rice Research Station,MP8_081,1,1,28,2,7,89,8253.164044
2022,Rice Research Station,MP8_301,1,1,29,2,6,98,8648.022695
2022,Rice Research Station,MP8_148,1,1,2,1,2,105,9357.209016
2022,Rice Research Station,MP6_035,1,1,30,2,5,82,7838.53064
2022,Rice Research Station,MP8_114,1,1,31,2,4,100,7453.112351
2022,Rice Research Station,MP8_124,1,1,32,2,3,91,10099.86846
2022,Rice Research Station,MP6_050,1,1,33,2,2,95,8037.56619
2022,Rice Research Station,MP6_006,1,1,34,2,1,106,9755.772591
2022,Rice Research Station,MP6_263,1,1,35,3,1,100,9745.203326
2022,Rice Research Station,MP6_387,1,1,36,3,2,102,10840.91411
2022,Rice Research Station,MP8_041,1,1,37,3,3,98,9956.929572
2022,Rice Research Station,MP6_294,1,1,38,3,4,88,9261.312824
2022,Rice Research Station,MP6_157,1,1,39,3,5,91,10075.90389
2022,Rice Research Station,MP6_219,1,1,3,1,3,105,10197.90881
2022,Rice Research Station,MP8_089,1,1,40,3,6,93,10627.99835
2022,Rice Research Station,MP8_403,1,1,41,3,7,91,7556.441123
2022,Rice Research Station,CLL19,1,1,42,3,8,99,10977.23869
2022,Rice Research Station,MP8_168,1,1,43,3,9,93,6962.796947
2022,Rice Research Station,MP6_100,1,1,44,3,10,88,8034.224939
2022,Rice Research Station,MP8_096,1,1,45,3,11,90,8409.710392
2022,Rice Research Station,MP6_307,1,1,46,3,12,99,9950.080385
2022,Rice Research Station,MP6_286,1,1,47,3,13,98,9190.032791
2022,Rice Research Station,MP6_055,1,1,48,3,14,91,8536.208205
2022,Rice Research Station,MP8_094,1,1,49,3,15,112,9456.96924
2022,Rice Research Station,MP6_077,1,1,4,1,4,107,10364.65318
2022,Rice Research Station,MP6_204,1,1,50,3,16,99,9333.600535
2022,Rice Research Station,CL172_MP,1,1,51,3,17,98,9101.690403
2022,Rice Research Station,MP6_339,1,1,52,4,17,88,9266.404255
2022,Rice Research Station,CL153_MP,1,1,53,4,16,102,10083.07886
2022,Rice Research Station,MP6_195,1,1,54,4,15,95,8650.977543
2022,Rice Research Station,MP8_001,1,1,55,4,14,93,9112.070255
2022,Rice Research Station,MP8_018,1,1,56,4,13,100,7127.162277
2022,Rice Research Station,LKST_MP,1,1,57,4,12,112,9923.410985
2022,Rice Research Station,MP6_011,1,1,58,4,11,97,9385.977116
2022,Rice Research Station,MP6_028,1,1,59,4,10,100,9672.764084
2022,Rice Research Station,MP6_415,1,1,5,1,5,81,7561.653778
2022,Rice Research Station,MP6_323,1,1,60,4,9,101,9837.076379
2022,Rice Research Station,MP8_394,1,1,61,4,8,95,9277.54176
2022,Rice Research Station,ROYJ_MP,1,1,62,4,7,109,7839.311023
2022,Rice Research Station,MP8_420,1,1,63,4,6,100,8868.772592
2022,Rice Research Station,CPRS_MP,1,1,64,4,5,97,8021.602433
2022,Rice Research Station,MP6_244,1,1,65,4,4,103,10910.86825
2022,Rice Research Station,MP8_425,1,1,66,4,3,92,8146.077312
2022,Rice Research Station,MP8_069,1,1,67,4,2,99,7781.706634
2022,Rice Research Station,MP8_159,1,1,68,4,1,93,9872.98915
2022,Rice Research Station,MP6_069,1,1,69,5,1,97,10449.16184
2022,Rice Research Station,MP8_074,1,1,6,1,6,106,10139.22098
2022,Rice Research Station,MP6_156,1,1,70,5,2,89,7380.142751
2022,Rice Research Station,MP8_012,1,1,71,5,3,92,10585.05455
2022,Rice Research Station,MP6_310,1,1,72,5,4,102,8646.886215
2022,Rice Research Station,MP6_057,1,1,73,5,5,96,10232.00322
2022,Rice Research Station,MP6_288,1,1,74,5,6,85,9813.392133
2022,Rice Research Station,MP8_058,1,1,75,5,7,101,7300.702791
2022,Rice Research Station,MP8_256,1,1,76,5,8,94,7529.544426
2022,Rice Research Station,MP6_295,1,1,77,5,9,102,9983.902033
2022,Rice Research Station,MP6_059,1,1,78,5,10,99,8011.578678
2022,Rice Research Station,MP8_260,1,1,79,5,11,91,9497.814335
2022,Rice Research Station,MP8_085,1,1,7,1,7,94,8980.890144
2022,Rice Research Station,MP6_340,1,1,80,5,12,93,9040.017416
2022,Rice Research Station,MP8_322,1,1,81,5,13,91,7830.802575
2022,Rice Research Station,MP6_334,1,1,82,5,14,93,7535.226827
2022,Rice Research Station,MP8_362,1,1,83,5,15,97,8975.942667
2022,Rice Research Station,MP8_053,1,1,84,5,16,93,7791.343985
2022,Rice Research Station,MP6_397,1,1,85,5,17,100,10074.21432
2022,Rice Research Station,Avant,1,1,86,6,17,92,9360.550267
2022,Rice Research Station,MP6_124,1,1,87,6,16,95,10312.87514
2022,Rice Research Station,CLL17,1,1,88,6,15,105,10124.52251
2022,Rice Research Station,MP8_221,1,1,89,6,14,87,6528.169069
2022,Rice Research Station,MP8_356,1,1,8,1,8,96,9345.472964
2022,Rice Research Station,MP8_119,1,1,90,6,13,101,10598.38925
2022,Rice Research Station,MP6_159,1,1,91,6,12,93,7784.979697
2022,Rice Research Station,MP8_017,1,1,92,6,11,96,8625.126409
2022,Rice Research Station,MP8_234,1,1,93,6,10,101,10159.70793
2022,Rice Research Station,MP6_426,1,1,94,6,9,102,9267.495275
2022,Rice Research Station,MP6_014,1,1,95,6,8,102,9101.690403
2022,Rice Research Station,MP6_406,1,1,96,6,7,97,9050.844283
2022,Rice Research Station,MP8_128,1,1,97,6,6,96,9750.128074
2022,Rice Research Station,MP8_179,1,1,98,6,5,92,8660.569436
2022,Rice Research Station,MP8_086,1,1,99,6,4,96,9932.457366
2022,Rice Research Station,CL111_MP,1,1,9,1,9,104,10198.98468
2022,Rice Research Station - Late,Avant,1,1,100,5,20,88,9222.392168
2022,Rice Research Station - Late,CLL17,1,2,101,6,20,93,9318.795988
2022,Rice Research Station - Late,MP8_264,1,2,102,6,19,91,9071.566104
2022,Rice Research Station - Late,MP6_006,1,2,103,6,18,93,9728.269773
2022,Rice Research Station - Late,MP6_164,1,2,104,6,17,96,8006.032655
2022,Rice Research Station - Late,MP8_339,1,2,105,6,16,102,8433.621933
2022,Rice Research Station - Late,MP6_169,1,2,106,6,15,85,8135.985368
2022,Rice Research Station - Late,MP8_352,1,2,107,6,14,96,7038.062237
2022,Rice Research Station - Late,CLL19,1,2,108,6,13,89,9465.720137
2022,Rice Research Station - Late,CL111_MP,1,2,109,6,12,100,9205.473767
2022,Rice Research Station - Late,MP8_190,1,1,10,1,10,81,8752.594019
2022,Rice Research Station - Late,MP6_140,1,2,110,6,11,92,8028.527385
2022,Rice Research Station - Late,MP6_199,1,2,111,6,10,100,8658.554078
2022,Rice Research Station - Late,CPRS_MP,1,2,112,6,9,89,7429.943309
2022,Rice Research Station - Late,ROYJ_MP,1,2,113,6,8,106,5942.654514
2022,Rice Research Station - Late,MP8_113,1,2,114,6,7,100,9465.56103
2022,Rice Research Station - Late,MP8_274,1,2,115,6,6,80,8782.922885
2022,Rice Research Station - Late,MP6_310,1,2,116,6,5,92,6177.383117
2022,Rice Research Station - Late,MP6_263,1,2,117,6,4,97,8726.303445
2022,Rice Research Station - Late,MP8_320,1,2,118,6,3,110,7762.068258
2022,Rice Research Station - Late,MP8_213,1,2,119,6,2,92,7876.186014
2022,Rice Research Station - Late,MP6_035,1,1,11,1,11,84,7152.914917
2022,Rice Research Station - Late,MP6_340,1,2,120,6,1,88,7948.193394
2022,Rice Research Station - Late,MP8_403,1,2,121,7,1,92,6286.144264
2022,Rice Research Station - Late,MP6_195,1,2,122,7,2,92,8426.545451
2022,Rice Research Station - Late,MP8_159,1,2,123,7,3,87,9312.318051
2022,Rice Research Station - Late,MP8_322,1,2,124,7,4,88,7092.393563
2022,Rice Research Station - Late,MP6_059,1,2,125,7,5,89,6775.080738
2022,Rice Research Station - Late,MP6_307,1,2,126,7,6,91,7876.307239
2022,Rice Research Station - Late,MP8_104,1,2,127,7,7,92,8415.286721
2022,Rice Research Station - Late,PSDO_MP,1,2,128,7,8,91,6109.504948
2022,Rice Research Station - Late,MP8_217,1,2,129,7,9,101,5318.613284
2022,Rice Research Station - Late,MP6_145,1,1,12,1,12,85,8565.786994
2022,Rice Research Station - Late,MP8_369,1,2,130,7,10,98,9708.267723
2022,Rice Research Station - Late,MP8_234,1,2,131,7,11,89,7875.625351
2022,Rice Research Station - Late,MP8_118,1,2,132,7,12,86,7846.167786
2022,Rice Research Station - Late,MP6_093,1,2,133,7,13,78,6923.285322
2022,Rice Research Station - Late,MP8_074,1,2,134,7,14,94,9403.297073
2022,Rice Research Station - Late,MP6_300,1,2,135,7,15,91,9052.473238
2022,Rice Research Station - Late,MP6_142,1,2,136,7,16,96,7371.755528
2022,Rice Research Station - Late,MP8_131,1,2,137,7,17,82,6798.848326
2022,Rice Research Station - Late,MP6_124,1,2,138,7,18,88,8726.394364
2022,Rice Research Station - Late,MP8_069,1,2,139,7,19,86,8625.656766
2022,Rice Research Station - Late,MP6_339,1,1,13,1,13,85,9750.741773
2022,Rice Research Station - Late,MP6_341,1,2,140,7,20,99,8068.539062
2022,Rice Research Station - Late,MP8_133,1,2,141,8,20,89,7356.390316
2022,Rice Research Station - Late,MP6_055,1,2,142,8,19,88,7847.622481
2022,Rice Research Station - Late,MP8_431,1,2,143,8,18,102,6733.531025
2022,Rice Research Station - Late,MP6_406,1,2,144,8,17,92,6294.311768
2022,Rice Research Station - Late,MP8_362,1,2,145,8,16,91,7834.598419
2022,Rice Research Station - Late,MP6_288,1,2,146,8,15,79,9107.297039
2022,Rice Research Station - Late,MP8_001,1,2,147,8,14,85,6538.54892
2022,Rice Research Station - Late,MP6_014,1,2,148,8,13,89,7593.770706
2022,Rice Research Station - Late,MP8_086,1,2,149,8,12,84,7502.662884
2022,Rice Research Station - Late,MP6_231,1,1,14,1,14,91,9756.272643
2022,Rice Research Station - Late,MP6_301,1,2,150,8,11,92,8920.732463
2022,Rice Research Station - Late,MP6_060,1,2,151,8,10,79,7711.335785
2022,Rice Research Station - Late,MP8_172,1,2,152,8,9,83,7282.723675
2022,Rice Research Station - Late,MP8_221,1,2,153,8,8,83,6411.566209
2022,Rice Research Station - Late,MP8_089,1,2,154,8,7,88,7907.924116
2022,Rice Research Station - Late,MP8_153,1,2,155,8,6,90,9178.152785
2022,Rice Research Station - Late,MP8_396,1,2,156,8,5,94,6718.96135
2022,Rice Research Station - Late,MP8_425,1,2,157,8,4,81,6831.397116
2022,Rice Research Station - Late,MP8_347,1,2,158,8,3,86,10095.94382
2022,Rice Research Station - Late,MP6_057,1,2,159,8,2,92,9999.108137
2022,Rice Research Station - Late,MP6_167,1,1,15,1,15,88,9330.259284
2022,Rice Research Station - Late,MP8_145,1,2,160,8,1,88,6805.561135
2022,Rice Research Station - Late,MP6_364,1,2,161,9,1,88,7673.94559
2022,Rice Research Station - Late,MP6_397,1,2,162,9,2,91,9304.597563
2022,Rice Research Station - Late,MP8_410,1,2,163,9,3,92,7813.459888
2022,Rice Research Station - Late,MP6_050,1,2,164,9,4,85,5597.088794
2022,Rice Research Station - Late,MP8_085,1,2,165,9,5,81,6420.173152
2022,Rice Research Station - Late,MP6_325,1,2,166,9,6,90,4449.319645
2022,Rice Research Station - Late,CL172_MP,1,2,167,9,7,85,7835.348495
2022,Rice Research Station - Late,MP6_286,1,2,168,9,8,88,6580.833557
2022,Rice Research Station - Late,MP6_028,1,2,169,9,9,92,8482.414813
2022,Rice Research Station - Late,MP6_409,1,1,16,1,16,87,11427.08025
2022,Rice Research Station - Late,MP8_419,1,2,170,9,10,88,6329.557804
2022,Rice Research Station - Late,MP8_256,1,2,171,9,11,88,6434.182163
2022,Rice Research Station - Late,MP6_009,1,2,172,9,12,84,8872.182033
2022,Rice Research Station - Late,MP8_194,1,2,173,9,13,85,7763.704789
2022,Rice Research Station - Late,CTHL_MP,1,2,174,9,14,97,8415.15792
2022,Rice Research Station - Late,MP6_282,1,2,175,9,15,89,10014.28393
2022,Rice Research Station - Late,MP8_229,1,2,176,9,16,85,6912.556949
2022,Rice Research Station - Late,MP8_168,1,2,177,9,17,81,4931.384203
2022,Rice Research Station - Late,MP8_097,1,2,178,9,18,93,7381.703517
2022,Rice Research Station - Late,MP8_114,1,2,179,9,19,92,7103.076476
2022,Rice Research Station - Late,MP8_093,1,1,17,1,17,85,9191.275343
2022,Rice Research Station - Late,MP6_011,1,2,180,9,20,85,9155.453489
2022,Rice Research Station - Late,MP6_295,1,2,181,10,20,98,8935.256679
2022,Rice Research Station - Late,MP8_332,1,2,182,10,19,98,9339.2299
2022,Rice Research Station - Late,MP8_197,1,2,183,10,18,97,7600.779
2022,Rice Research Station - Late,MP8_076,1,2,184,10,17,94,6188.323632
2022,Rice Research Station - Late,MP6_283,1,2,185,10,16,90,7059.329568
2022,Rice Research Station - Late,MP6_147,1,2,186,10,15,79,8698.505142
2022,Rice Research Station - Late,MP6_069,1,2,187,10,14,90,8920.080881
2022,Rice Research Station - Late,MP8_433,1,2,188,10,13,100,7923.266597
2022,Rice Research Station - Late,MP6_292,1,2,189,10,12,85,7544.682342
2022,Rice Research Station - Late,MP6_077,1,1,18,1,18,94,9450.438268
2022,Rice Research Station - Late,MP6_157,1,2,190,10,11,91,8891.638572
2022,Rice Research Station - Late,MP8_087,1,2,191,10,10,82,4948.022272
2022,Rice Research Station - Late,MP8_401,1,2,192,10,9,87,6553.944438
2022,Rice Research Station - Late,MP6_294,1,2,193,10,8,83,5614.355716
2022,Rice Research Station - Late,LKST_MP,1,2,194,10,7,98,5294.595671
2022,Rice Research Station - Late,CL153_MP,1,2,195,10,6,94,8299.297561
2022,Rice Research Station - Late,MP6_204,1,2,196,10,5,98,6612.154949
2022,Rice Research Station - Late,Avant,1,2,197,10,4,82,8272.309946
2022,Rice Research Station - Late,MP8_073,1,2,198,10,3,92,6703.565833
2022,Rice Research Station - Late,MP6_203,1,2,199,10,2,86,7929.903641
2022,Rice Research Station - Late,MP8_154,1,1,19,1,19,86,8418.423406
2022,Rice Research Station - Late,MP6_054,1,1,1,1,1,77,6988.466244
2022,Rice Research Station - Late,MP8_035,1,2,200,10,1,96,8648.196955
2022,Rice Research Station - Late,MP8_382,1,1,20,1,20,91,8846.967327
2022,Rice Research Station - Late,CLL19,1,1,21,2,20,90,9836.008088
2022,Rice Research Station - Late,MP8_179,1,1,22,2,19,97,9080.157894
2022,Rice Research Station - Late,MP6_156,1,1,23,2,18,84,6965.077484
2022,Rice Research Station - Late,MP6_388,1,1,24,2,17,99,7747.112179
2022,Rice Research Station - Late,MP8_346,1,1,25,2,16,88,8395.633191
2022,Rice Research Station - Late,MP6_357,1,1,26,2,15,86,8408.551182
2022,Rice Research Station - Late,CL153_MP,1,1,27,2,14,95,10747.26815
2022,Rice Research Station - Late,MP6_100,1,1,28,2,13,84,9250.448074
2022,Rice Research Station - Late,MP8_124,1,1,29,2,12,87,9256.766903
2022,Rice Research Station - Late,CPRS_MP,1,1,2,1,2,89,6839.200946
2022,Rice Research Station - Late,MP8_053,1,1,30,2,11,89,8142.334504
2022,Rice Research Station - Late,MP8_012,1,1,31,2,10,87,9707.904049
2022,Rice Research Station - Late,MP8_083,1,1,32,2,9,94,6278.431352
2022,Rice Research Station - Late,MP6_159,1,1,33,2,8,88,7835.924312
2022,Rice Research Station - Late,MP6_210,1,1,34,2,7,80,7975.85532
2022,Rice Research Station - Late,MP8_017,1,1,35,2,6,88,7806.784962
2022,Rice Research Station - Late,MP6_426,1,1,36,2,5,87,6933.25604
2022,Rice Research Station - Late,PSDO_MP,1,1,37,2,4,91,6726.757604
2022,Rice Research Station - Late,MP8_420,1,1,38,2,3,87,7451.187911
2022,Rice Research Station - Late,ROYJ_MP,1,1,39,2,2,98,5831.847703
2022,Rice Research Station - Late,MP8_379,1,1,3,1,3,90,10653.99344
2022,Rice Research Station - Late,MP8_202,1,1,40,2,1,90,5960.656359
2022,Rice Research Station - Late,MP8_120,1,1,41,3,1,77,5772.356757
2022,Rice Research Station - Late,MP6_434,1,1,42,3,2,85,8583.963099
2022,Rice Research Station - Late,MP8_058,1,1,43,3,3,89,7143.77004
2022,Rice Research Station - Late,MP6_273,1,1,44,3,4,81,5942.025662
2022,Rice Research Station - Late,MP8_079,1,1,45,3,5,88,8641.946315
2022,Rice Research Station - Late,MP8_343,1,1,46,3,6,90,8037.778333
2022,Rice Research Station - Late,MP6_089,1,1,47,3,7,83,10412.29442
2022,Rice Research Station - Late,MP6_247,1,1,48,3,8,93,9369.50573
2022,Rice Research Station - Late,MP6_384,1,1,49,3,9,90,7155.384867
2022,Rice Research Station - Late,MP8_356,1,1,4,1,4,91,7831.825407
2022,Rice Research Station - Late,MP6_392,1,1,50,3,10,96,9830.825738
2022,Rice Research Station - Late,MP6_043,1,1,51,3,11,101,9808.126442
2022,Rice Research Station - Late,MP8_119,1,1,52,3,12,104,10341.96903
2022,Rice Research Station - Late,MP8_328,1,1,53,3,13,87,8473.686646
2022,Rice Research Station - Late,MP8_301,1,1,54,3,14,90,8992.929257
2022,Rice Research Station - Late,MP6_219,1,1,55,3,15,100,11230.72679
2022,Rice Research Station - Late,MP8_105,1,1,56,3,16,92,9861.510701
2022,Rice Research Station - Late,MP8_160,1,1,57,3,17,85,5478.167515
2022,Rice Research Station - Late,MP8_141,1,1,58,3,18,96,9916.349655
2022,Rice Research Station - Late,MP6_323,1,1,59,3,19,100,10653.54642
2022,Rice Research Station - Late,MP8_224,1,1,5,1,5,89,7680.794777
2022,Rice Research Station - Late,MP6_387,1,1,60,3,20,97,9702.32772
2022,Rice Research Station - Late,LKST_MP,1,1,61,4,20,99,9043.745071
2022,Rice Research Station - Late,MP6_214,1,1,62,4,19,87,9063.110692
2022,Rice Research Station - Late,MP8_148,1,1,63,4,18,108,9426.307007
2022,Rice Research Station - Late,MP8_096,1,1,64,4,17,82,5865.987566
2022,Rice Research Station - Late,MP8_183,1,1,65,4,16,90,8231.010259
2022,Rice Research Station - Late,MP8_394,1,1,66,4,15,95,9374.051651
2022,Rice Research Station - Late,MP8_128,1,1,67,4,14,90,8907.125008
2022,Rice Research Station - Late,MP6_419,1,1,68,4,13,93,7404.107328
2022,Rice Research Station - Late,MP6_248,1,1,69,4,12,89,8780.430205
2022,Rice Research Station - Late,MP8_260,1,1,6,1,6,91,9635.896669
2022,Rice Research Station - Late,CL172_MP,1,1,70,4,11,94,9334.706709
2022,Rice Research Station - Late,MP6_083,1,1,71,4,10,96,8560.28643
2022,Rice Research Station - Late,MP8_094,1,1,72,4,9,107,9964.975851
2022,Rice Research Station - Late,MP8_385,1,1,73,4,8,92,8766.989433
2022,Rice Research Station - Late,MP6_298,1,1,74,4,7,86,7630.782075
2022,Rice Research Station - Late,MP6_084,1,1,75,4,6,87,8025.004297
2022,Rice Research Station - Late,MP6_334,1,1,76,4,5,88,7304.460752
2022,Rice Research Station - Late,MP8_041,1,1,77,4,4,94,7954.512224
2022,Rice Research Station - Late,MP8_018,1,1,78,4,3,98,7368.315781
2022,Rice Research Station - Late,MP8_132,1,1,79,4,2,82,6605.161808
2022,Rice Research Station - Late,MP6_415,1,1,7,1,7,81,7698.470831
2022,Rice Research Station - Late,MP8_171,1,1,80,4,1,96,9459.666486
2022,Rice Research Station - Late,MP8_261,1,1,81,5,1,89,8009.934571
2022,Rice Research Station - Late,CLL17,1,1,82,5,2,96,10165.04181
2022,Rice Research Station - Late,MP6_042,1,1,83,5,3,80,8605.298619
2022,Rice Research Station - Late,CL111_MP,1,1,84,5,4,93,8689.163275
2022,Rice Research Station - Late,MP8_116,1,1,85,5,5,85,7092.545093
2022,Rice Research Station - Late,MP6_244,1,1,86,5,6,103,8651.682161
2022,Rice Research Station - Late,MP6_428,1,1,87,5,7,95,7444.990306
2022,Rice Research Station - Late,MP8_046,1,1,88,5,8,78,6558.94495
2022,Rice Research Station - Late,MP8_263,1,1,89,5,9,98,8752.70009
2022,Rice Research Station - Late,MP6_082,1,1,8,1,8,87,8109.270509
2022,Rice Research Station - Late,MP8_364,1,1,90,5,10,94,6732.576382
2022,Rice Research Station - Late,CTHL_MP,1,1,91,5,11,97,8916.292614
2022,Rice Research Station - Late,MP6_363,1,1,92,5,12,82,6955.000693
2022,Rice Research Station - Late,MP6_297,1,1,93,5,13,94,8210.258132
2022,Rice Research Station - Late,MP8_291,1,1,94,5,14,101,7797.890111
2022,Rice Research Station - Late,MP6_400,1,1,95,5,15,84,9979.977388
2022,Rice Research Station - Late,MP6_408,1,1,96,5,16,97,8405.361461
2022,Rice Research Station - Late,MP6_289,1,1,97,5,17,75,7081.225751
2022,Rice Research Station - Late,MP6_322,1,1,98,5,18,86,10868.38662
2022,Rice Research Station - Late,MP8_185,1,1,99,5,19,97,7908.901488
2022,Rice Research Station - Late,MP8_081,1,1,9,1,9,88,8576.788122
